Id	Prompt	Wavfile	RecResult
3570	Frag: Zimmer für 1 Woche	3570.wav	can i have a hotel room for one nights
3571	Frag: Zimmer für 1 Woche	3571.wav	i want a room for one week
3572	Frag: Twinzimmer	3572.wav	a twin room please
3573	Sag: Ich möchte mit Kreditkarte bezahlen	3573.wav	can i pay by credit card
3574	Frag: Gibt es ein Fitnessstudio?	3574.wav	have a fitness studio
3575	Frag: 3 Musical-Tickets	3575.wav	i would like  ***  for three musical ticket
3576	Sag: Ich möchte am Montagabend gehen	3576.wav	***   i'd like  ***  four for monday night
3577	Sag: Ich möchte am Montagabend gehen	3577.wav	i would like to  ***  for monday night
3579	Frag: 3 Tickets für König der Löwen	3579.wav	i have three tickets for the   ***  museum
3580	Sag: Ich möchte vorne sitzen	3580.wav	i would like  ***  ***  the fourth row 
3581	Sag: Ich möchte vorne sitzen	3581.wav	***   ***    ***  ***   a where is rome
3582	Sag: Ich möchte vorne sitzen	3582.wav	***    a room for my name is museum
3583	Frag: Tickets für die National Gallery	3583.wav	i would like tickets for the mastercard please
3584	Frag: Tickets für die National Gallery	3584.wav	i would like a   i would like to london eye for i    hotel bar
3587	Frag: ein Ticket zum Piccadilly Circus	3587.wav	i would like a ticket to the gym 
3588	Sag: Ich möchte mit Visa bezahlen	3588.wav	i would like  ***  ***   pay visa
3589	Sag: Ich möchte mit Visa bezahlen	3589.wav	i would like to pay  ***  visa
3590	Frag: ein Ticket zum Green Park	3590.wav	i need a ticket to green park
3592	Sag: Ich möchte mit Visa bezahlen	3592.wav	i would like to  ***   pay visa
3593	Sag: Ich möchte mit Pfund bezahlen	3593.wav	can i pay by card
3594	Sag: Ich möchte mit Pfund bezahlen	3594.wav	can i pay by card
3595	Sag: Ich möchte mit Pfund bezahlen	3595.wav	pay a i'd like pommes
3596	Frag: ein Ticket nach Notting Hill	3596.wav	i would like a ticket to notting   ***
3597	Sag: Ich möchte mit Mastercard bezahlen	3597.wav	can i   am a pay by mastercard
3598	Sag: Ich möchte mit Mastercard bezahlen	3598.wav	can i pay by    ***   mastercard
3599	Sag: Ich möchte mit Dollars bezahlen	3599.wav	can i buy by post 
3602	Frag: eine Cola	3602.wav	i would like a hotel
3604	Frag: ein Steak	3604.wav	i want to pay 
3605	Frag: mein Steak rare	3605.wav	 ***  my steak rare
3606	Frag: mein Steak rare	3606.wav	i would like my steak rare
3608	Frag: Pilze	3608.wav	i would like please
3610	Frag: Ich möchte die Dessertkarte	3610.wav	 no i have you the gym
3611	Sag: Mir geht es gut	3611.wav	***   a small
3618	Frag: 2 Tickets nach London	3618.wav	the ticket to london
3619	Frag: 2 Tickets nach London	3619.wav	two tickets to london
3620	Sag: Ich möchte um 21 Uhr morgen abreisen	3620.wav	i want to leave at my passport tomorrow
3621	Sag: Ich heisse James	3621.wav	i am a  
3622	Sag: Ich bin aus der Türkei	3622.wav	i am from turkey
3623	Frag: 2 Musical-Tickets	3623.wav	two like tickets please
3625	Frag: ein Ticket für Montagabend	3625.wav	 ticket for  ***  monday you 
3626	Frag: ein Ticket für Montagabend	3626.wav	tickets for  ***  monday you 
3627	Frag: 2 Tickets für König der Löwen	3627.wav	two tickets for   ***  two tickets
3628	Frag: 2 Tickets für König der Löwen	3628.wav	two tickets for  ***  king
3629	Frag: 2 Tickets für König der Löwen	3629.wav	two tickets for  ***  king of lion
3630	Sag: Ich möchte in der zweiten Reihe sitzen	3630.wav	i would like to sit in
3631	Sag: Ich möchte in der zweiten Reihe sitzen	3631.wav	i would sit in the
3632	Sag: Ich möchte in der zweiten Reihe sitzen	3632.wav	i would like to sit in the sixth row
3634	Frag: 5 Tickets	3634.wav	  i ticket please
3636	Frag: Einzelzimmer	3636.wav	a single room
3637	Frag: Einzelzimmer	3637.wav	have a    room
3638	Frag: Einzelzimmer	3638.wav	a single room please
3639	Sag: Ich möchte mit Postkarte bezahlen	3639.wav	i want to pay with my post card
3640	Sag: Ich möchte mit Postkarte bezahlen	3640.wav	i would like to pay with by post card
3641	Sag: Ich möchte mit Postkarte bezahlen	3641.wav	i would like to pay with
3642	Frag: Gibt es eine Hotelbar?	3642.wav	this is there the hotel bar
3643	Sag: Ich heisse Nick	3643.wav	my name is nick
3644	Sag: Ich bin aus Österreich	3644.wav	i am from austria
3645	Sag: Die Hauptstadt von Österreich ist Wien	3645.wav	***  capital of austria is please
3647	Sag: Ich habe 1 Bruder	3647.wav	i have a brothers
3648	Sag: Ich habe 1 Bruder	3648.wav	i have a brown boots 
3649	Sag: Ich habe 1 Bruder	3649.wav	i have one brother
3650	Sag: Ich gehe in die Ferien	3650.wav	i   ***   go into holiday
3651	Sag: Dies ist mein Pass	3651.wav	this is my passport
3652	Sag: Dies ist mein Pass	3652.wav	 ***  is my pass
3654	Frag: ein Ticket zum Piccadilly Circus	3654.wav	a ticket from piccadilly circus
3655	Frag: ein Ticket zum Piccadilly Circus	3655.wav	like a ticket to piccadilly circus
3656	Frag: ein Ticket zum Piccadilly Circus	3656.wav	i would like a ticket to piccadilly circus
3657	Sag: Ich möchte mit Mastercard bezahlen	3657.wav	i would like to pay with my    ***   mastercard
3658	Frag: 4 Musical-Tickets	3658.wav	four musical tickets please
3659	Frag: 4 Musical-Tickets	3659.wav	four musical tickets
3660	Frag: 4 Musical-Tickets	3660.wav	i would like to buy four musical tickets
3661	Sag: Ich möchte am Freitagabend gehen	3661.wav	i want go on free day am  
3662	Sag: Ich möchte am Freitagabend gehen	3662.wav	i would like to go at friday   *** 
3663	Sag: Ich möchte am Freitagabend gehen	3663.wav	i would like to go on free day nights
3664	Frag: 4 Tickets für Wicked	3664.wav	i would like four tickets for  ***   week 
3665	Frag: 4 Tickets für Wicked	3665.wav	i want four tickets for wicked
3666	Sag: Ich möchte in der achten Reihe sitzen	3666.wav	***  the eighth row
3667	Sag: Ich möchte in der achten Reihe sitzen	3667.wav	i want to sit in the eighth row
3668	Sag: Ich möchte in der achten Reihe sitzen	3668.wav	i want sit in the eighth row
3669	Frag: Tickets für das Naturhistorische Museum	3669.wav	i want tickets for the natural history museum    *** 
3670	Frag: 2 Tickets	3670.wav	i want two tickets please
3671	Sag: Ich habe keine Reservation	3671.wav	no i pay is there a reservation
3673	Sag: Ich habe keine Reservation	3673.wav	no i do not have a reservation
3674	Frag: Zimmer für 6 Nächte	3674.wav	can i have six room for six nights
3675	Frag: Zimmer für 6 Nächte	3675.wav	i want a room for six nights
3676	Frag: Doppelzimmer	3676.wav	i want a   a double room
3679	Frag: Gibt es ein Schwimmbad?	3679.wav	have you have a pool
3680	Frag: Wo ist das Schwimmbad?	3680.wav	where is the pool
3681	Frag: Zimmer für 4 Nächte	3681.wav	i want a room for four nights
3682	Frag: Doppelzimmer	3682.wav	i want a double room
3683	Sag: Ich möchte mit Visa bezahlen	3683.wav	can i pay with visa
3684	Frag: Gibt es ein Hotelrestaurant?	3684.wav	is there a hotel restaurant
3685	Frag: Wo ist das Hotelrestaurant?	3685.wav	where is the hotel restaurant
3686	Sag: Ich möchte mit Visa bezahlen	3686.wav	can i pay with visa
3688	Sag: Ich möchte mit Schweizer Franken bezahlen	3688.wav	can i pay with swiss francs
3689	Sag: Ich habe keine Reservation	3689.wav	***  ***  do not have a reservation
3690	Frag: Zimmer für 7 Nächte	3690.wav	i want a room for seven nights
3691	Frag: Junior Suite	3691.wav	 i want a   junior suite
3692	Sag: Ich möchte mit Mastercard bezahlen	3692.wav	can i pay by mastercard
3693	Frag: Gibt es einen Coiffeur?	3693.wav	***   ***   the hairdresser
3694	Frag: Wo ist der Coiffeur?	3694.wav	where is the hairdresser
3695	Frag: 3 Tickets nach London	3695.wav	i would like   ***   tickets to london
3696	Sag: Ich möchte am Mittwochabend abreisen	3696.wav	i want to leave on wednesday evening
3697	Sag: Ich heisse Sarah	3697.wav	my name is sarah
3698	Sag: Ich heisse Sarah	3698.wav	my name is there
3700	Frag: ein Ticket nach London	3700.wav	i want a ticket to london
3701	Sag: Ich möchte am Sonntag abreisen	3701.wav	i would like to leave on sunday
3702	Sag: Ich heisse John	3702.wav	my name is john
3703	Sag: Ich bin aus Spanien	3703.wav	***  i'm from spain
3704	Sag: Ich heisse Brian	3704.wav	my name is brian
3705	Sag: Ich bin aus Amerika	3705.wav	i'm from america
3706	Sag: Ich heisse Silvia	3706.wav	my name is silvia
3707	Sag: Ich bin aus Portugal	3707.wav	i am from portugal
3708	Sag: Die Hauptstadt von Portugal ist Lissabon	3708.wav	***  capital of portugal is lisbon
3709	Sag: Ich habe 2 jüngere Brüder	3709.wav	i have two younger brothers
3710	Sag: Ich gehe in die Ferien	3710.wav	i go into holiday
3712	Sag: Dies ist mein Pass	3712.wav	where is my passport
3713	Sag: Dies ist mein Pass	3713.wav	 that is like post card  
3714	Sag: Dies ist mein Pass	3714.wav	 ***  is my passport
3716	Sag: Ich möchte mit Postkarte bezahlen	3716.wav	i want pay
3717	Sag: Ich möchte mit Postkarte bezahlen	3717.wav	i would like to pay by post card
3718	Sag: Ich möchte mit Postkarte bezahlen	3718.wav	i would like to pay by post card
3719	Frag: 2 Musical-Tickets	3719.wav	i want two musical tickets
3720	Frag: 2 Tickets für Montagabend	3720.wav	i want  ***  tickets for monday evening
3723	Frag: Zimmer für 2 Nächte	3723.wav	a room for two nights
3724	Frag: Zimmer für 2 Nächte	3724.wav	can i have a room for two nights
3725	Frag: Einzelzimmer	3725.wav	***  single room
3726	Frag: Einzelzimmer	3726.wav	single room
3727	Frag: Einzelzimmer	3727.wav	single room
3728	Sag: Ich möchte mit Kreditkarte bezahlen	3728.wav	my
3730	Frag: Gibt es einen Lift?	3730.wav	***  tickets for wicked
3731	Frag: Wo ist der Lift?	3731.wav	where is the lift
3735	Sag: Ich möchte mit Dollars bezahlen	3735.wav	can i pay with dollars
3736	Frag: Zimmer für 3 Nächte	3736.wav	i want a room for three nights
3737	Frag: Einzelzimmer	3737.wav	i want a single room
3738	Sag: Ich möchte mit Postkarte bezahlen	3738.wav	i want to pay with credit card
3740	Frag: Gibt es ein Fitnessstudio?	3740.wav	have you got a fitness studio
3741	Frag: Gibt es ein Fitnessstudio?	3741.wav	is there a gym
3742	Frag: Wo ist das Fitnessstudio?	3742.wav	where is the gym
3743	Frag: ein Ticket nach London	3743.wav	i want a ticket to london
3744	Sag: Ich möchte um 12 Uhr morgen abreisen	3744.wav	i want to leave tomorrow at euros
3745	Sag: Ich heisse Mona	3745.wav	my name is mona
3746	Sag: Ich bin aus Deutschland	3746.wav	***  i'm from germany
3749	Frag: ein Steak	3749.wav	 a twin room please a    ***   the
3750	Frag: ein Steak	3750.wav	***   ***    i'm junior suite
3751	Frag: ein Steak	3751.wav	***  please
3757	Frag: Wo ist der Tower?	3757.wav	where  ***  ***   ***  nights
3759	Frag: Welcher Bus fährt dorthin?	3759.wav	twiss twin room there
3761	Frag: Zimmer für 6 Nächte	3761.wav	a double room for two room 
3762	Frag: Zimmer für 6 Nächte	3762.wav	a double room for six nights
3763	Frag: Zimmer für 6 Nächte	3763.wav	i want a room for seven nights
3764	Frag: Twinzimmer	3764.wav	a twin room for 
3767	Sag: Ich möchte mit Kreditkarte bezahlen	3767.wav	i would like to pay by credit card
3768	Frag: Gibt es einen Lift?	3768.wav	is there a room
3769	Sag: Ich habe keine Reservation	3769.wav	  a tomorrow at nine   
3770	Sag: Ich habe keine Reservation	3770.wav	i have no reservation
3771	Sag: Ich habe keine Reservation	3771.wav	i have a   room for have a      room   
3773	Sag: Ich habe keine Reservation	3773.wav	i haven't got a reservation
3774	Sag: Ich habe keine Reservation	3774.wav	i have not a reservation
3776	Sag: Ich habe keine Reservation	3776.wav	***  i'm mamma have a reservation
3777	Sag: Ich habe keine Reservation	3777.wav	***  ***   a have a reservation
3778	Sag: Ich habe keine Reservation	3778.wav	no i do not have a reservation
3779	Sag: Ich habe keine Reservation	3779.wav	where no i have not have i   have no
3781	Sag: Ich habe keine Reservation	3781.wav	no i do not have a reservation
3782	Frag: Zimmer für 7 Nächte	3782.wav	a room for my pass 
3783	Frag: Doppelzimmer	3783.wav	a double room
3784	Frag: Doppelzimmer	3784.wav	a double room for
3786	Sag: Ich möchte mit Postkarte bezahlen	3786.wav	i would like to pay by post card
3787	Frag: Gibt es ein Hotelrestaurant?	3787.wav	is there a      bar   
3788	Frag: Wo ist das Hotelrestaurant?	3788.wav	marble am from france  
3789	Frag: Wo ist das Hotelrestaurant?	3789.wav	where is there a       bar   
3790	Frag: Wo ist das Hotelrestaurant?	3790.wav	 ***   ***   a room for the hotel bar   
3791	Frag: Zimmer für 2 Nächte	3791.wav	a room card of france
3792	Frag: Doppelzimmer	3792.wav	a double room
3794	Frag: Doppelzimmer	3794.wav	a twin room
3795	Sag: Ich möchte mit Postkarte bezahlen	3795.wav	i would like to pay by master card
3796	Sag: Ich möchte mit Schweizer Franken bezahlen	3796.wav	i would like to pay with master with master card
3797	Sag: Ich möchte mit Schweizer Franken bezahlen	3797.wav	i would like to pay by have from france
3798	Sag: Ich möchte mit Schweizer Franken bezahlen	3798.wav	can i  ***   am from france
3799	Frag: Gibt es einen Coiffeur?	3799.wav	is   ***   a hairdryer 
3800	Frag: ein Ticket zum Piccadilly Circus	3800.wav	i want a ticket to the piccadilly circus
3801	Sag: Ich möchte mit Postkarte bezahlen	3801.wav	i'd like to pay with post card
3802	Sag: Ich möchte mit Pfund bezahlen	3802.wav	i'd like  ***  tickets with pounds
3803	Sag: Mir geht es gut	3803.wav	i'm franc
3804	Frag: Stiefel	3804.wav	i'd like visa 
3805	Frag: Stiefel	3805.wav	i would like some boots
3806	Frag: blaue Stiefel	3806.wav	i would like blue boots
3807	Sag: Ich habe keine Reservation	3807.wav	no i don't have a reservation any
3808	Frag: Zimmer für 3 Nächte	3808.wav	a room for three nights
3809	Frag: Junior Suite	3809.wav	a junior suite
3810	Sag: Ich möchte mit Kreditkarte bezahlen	3810.wav	i want to pay with credit card
3811	Sag: Ich heisse Barbara	3811.wav	my name is barbara
3812	Sag: Ich bin aus Frankreich	3812.wav	***  i'm from france
3813	Sag: Die Hauptstadt von Frankreich ist Paris	3813.wav	the capital of france is paris
3814	Sag: Ich habe 2 jüngere Schwestern	3814.wav	i have two younger sisters
3815	Sag: Ich gehe in die Ferien	3815.wav	i go  ***  into holiday
3816	Sag: Dies ist mein Pass	3816.wav	 ***  is my passport
3817	Sag: Dies ist mein Pass	3817.wav	 the is my passport
3818	Sag: Dies ist mein Pass	3818.wav	yes it is my passport
3819	Frag: 3 Musical-Tickets	3819.wav	musical tickets
3820	Frag: 3 Musical-Tickets	3820.wav	can i have three musical tickets
3822	Frag: 3 Tickets für Starlight Express	3822.wav	i need three tickets for is there a   like a       shirt 
3823	Sag: Ich möchte in der vierten Reihe sitzen	3823.wav	i would like need a     for is nick
3824	Sag: Ich möchte in der vierten Reihe sitzen	3824.wav	i would like to sit in the fourth row
3825	Frag: Tickets für das London Eye	3825.wav	i want tickets for the london eye
3826	Frag: 4 Tickets	3826.wav	i need four tickets
3827	Frag: 3 Musical-Tickets	3827.wav	i need three musical ticket
3828	Frag: ein Ticket für Donnerstagabend	3828.wav	i need a ticket for thursday night
3829	Frag: 3 Tickets für Wicked	3829.wav	i need three tickets for wicked
3830	Frag: Ticket für dieses Musical	3830.wav	i want a ticket for the musical
3831	Frag: Ticket für dieses Musical	3831.wav	i want ticket for this musical
3832	Sag: Ich möchte in der zweiten Reihe sitzen	3832.wav	i want to sit in the second row
3833	Frag: Tickets für Madame Tussauds	3833.wav	i want tickets for madame to go   
3834	Frag: 1 Ticket	3834.wav	i need one ticket
3835	Frag: 1 Musical-Ticket	3835.wav	i need one musical tickets
3836	Frag: ein Ticket für heute Abend	3836.wav	a ticket for nights
3837	Frag: ein Ticket für heute Abend	3837.wav	i want tickets for tuesday evening
3838	Frag: ein Ticket für Mamma Mia	3838.wav	i want a ticket for mamma mia
3839	Frag: Ticket für dieses Musical	3839.wav	i want a ticket for this musical
3840	Sag: Ich möchte vorne sitzen	3840.wav	i want it got a   room
3841	Sag: Ich möchte vorne sitzen	3841.wav	i would like to sit in the front
3842	Frag: Tickets für das British Museum	3842.wav	i need tickets for the british museum
3843	Frag: Tickets für das British Museum	3843.wav	can i also have tickets for the british museum
3844	Frag: 2 Tickets	3844.wav	i need two tickets
3845	Frag: 2 Musical-Tickets	3845.wav	i need two musical tickets
3846	Frag: ein Ticket für Samstagabend	3846.wav	i need a ticket for saturday night
3847	Frag: 2 Tickets für König der Löwen	3847.wav	i need two tickets for the lion king
3848	Sag: Ich möchte vorne sitzen	3848.wav	i want to sit in the room
3849	Frag: Tickets für das Science Museum	3849.wav	i want tickets for the science museum
3850	Frag: 1 Ticket	3850.wav	i need one ticket
3851	Frag: Wo ist das Naturhistorische Museum?	3851.wav	where is the natural history museum
3852	Frag: Wo ist die Oxford Street?	3852.wav	where is the oxford street
3853	Frag: Welcher Bus fährt dorthin?	3853.wav	which bus goes there
3854	Sag: Der Tower ist nahe der Tower Bridge	3854.wav	the tower is near the tower bridge
3855	Frag: Wo ist das Naturhistorische Museum?	3855.wav	where is the natural history museum
3856	Frag: Wo ist Piccadilly Circus?	3856.wav	where is piccadilly circus
3857	Frag: Welcher Bus fährt dorthin?	3857.wav	which bus goes there
3858	Sag: Big Ben ist neben den Houses of Parliament	3858.wav	the big ben is the like the houses of parliament
3859	Frag: Wo ist das Naturhistorische Museum?	3859.wav	where is the natural history museum
3860	Frag: Wo ist der Tower?	3860.wav	***   can you help at the silver level
3861	Frag: Wo ist der Tower?	3861.wav	where is the tower
3862	Sag: Marble Arch ist gegenüber dem Hyde Park	3862.wav	marble arch is the for five green park
3863	Frag: Wo ist die National Gallery?	3863.wav	where is the national gallery
3864	Frag: Wo ist Big Ben?	3864.wav	where is the big ben
3865	Frag: Welcher Bus fährt dorthin?	3865.wav	which bus goes there
3866	Sag: Der Tower ist nahe der Tower Bridge	3866.wav	the tower is near tower bridge
3867	Frag: Wo ist der Zoo?	3867.wav	where is  ***  wien
3868	Frag: Wo ist Madame Tussauds?	3868.wav	where is my sunday roast 
3869	Frag: Welcher Bus fährt dorthin?	3869.wav	which bus goes there
3870	Sag: Der Tower ist nahe der Tower Bridge	3870.wav	the tower is near tower bridge
3871	Frag: einen Orangensaft	3871.wav	i want a an orange juice
3872	Frag: einen Orangensaft	3872.wav	i want an orange juice
3873	Frag: einen Hamburger	3873.wav	i want a hamburger
3874	Frag: meinen Hamburger rare	3874.wav	i want my hamburger rein
3875	Frag: Erbsen	3875.wav	i want please
3876	Frag: Erbsen	3876.wav	i want please
3877	Frag: Erbsen	3877.wav	i would like   ***  four
3878	Frag: Ich möchte die Dessertkarte	3878.wav	yes can i have the dessert card
3879	Frag: Ich möchte die Dessertkarte	3879.wav	can i have the dessert card
3880	Frag: Ich möchte die Dessertkarte	3880.wav	the dessert menu please
3882	Frag: Karrotenkuchen	3882.wav	can i have  ***  carrot cake
3883	Frag: Ich möchte die Rechnung	3883.wav	i would like the bill
3888	Sag: Ich habe keine Reservation	3888.wav	no i  ***  ***  have a      ***    
3889	Frag: Zimmer für 2 Nächte	3889.wav	a room  ***  ***    *** 
3890	Frag: Suite	3890.wav	***   ***  a suite
3891	Sag: Ich möchte mit Mastercard bezahlen	3891.wav	i   ***    ***  pay with mastercard
3892	Sag: Ich möchte mit Mastercard bezahlen	3892.wav	***   ***   ***     ***  
3893	Frag: Zimmer für 1 Woche	3893.wav	i would like a room for want a   suite
3894	Frag: Suite	3894.wav	i'd like a suite
3896	Frag: Gibt es einen Lebensmittelladen?	3896.wav	is there a grocery store
3897	Frag: Wo ist der Lebensmittelladen?	3897.wav	where is the grocery store
3898	Frag: 1 Musical-Ticket	3898.wav	can i have one musical tickets
3899	Frag: 1 Musical-Ticket	3899.wav	a ticket for wednesday evening
3900	Frag: ein Ticket für morgen Abend	3900.wav	a ticket for the
3901	Frag: ein Ticket für morgen Abend	3901.wav	***  tickets for morning nights
3902	Frag: ein Ticket für morgen Abend	3902.wav	***  tickets for tomorrow night
3903	Frag: ein Ticket für Starlight Express	3903.wav	i would like a ticket for starlight express
3904	Frag: ein Ticket für Starlight Express	3904.wav	***  tickets for starlight express
3905	Frag: ein Ticket für Starlight Express	3905.wav	a ticket for starlight express
3906	Sag: Ich möchte in der Mitte sitzen	3906.wav	i want to sit in the middle
3907	Frag: Tickets für das London Eye	3907.wav	can i have tickets for the london eye
3908	Frag: 4 Tickets	3908.wav	i need four tickets
3909	Sag: Mir geht es gut	3909.wav	i'm fine
3910	Frag: Stiefel	3910.wav	i would boots
3911	Frag: weisse Stiefel	3911.wav	i want white boots
3912	Frag: Grösse 36	3912.wav	thirty tickets 
3913	Frag: ein T-Shirt	3913.wav	i want a tee shirt 
3914	Frag: ein gelbes T-Shirt	3914.wav	i want a yellow tee shirt 
3915	Frag: eine L	3915.wav	big
3916	Frag: eine L	3916.wav	great
3917	Frag: eine L	3917.wav	i am a large
3918	Frag: Wie viel kostet es?	3918.wav	how much is nick
3919	Sag: Dies ist zu teuer	3919.wav	that's too expensive
3920	Sag: Mir geht es gut	3920.wav	***  i'm fine
3921	Frag: Sandalen	3921.wav	i want sunday row  
3922	Frag: rote Sandalen	3922.wav	i want red sandals
3923	Frag: Grösse 38	3923.wav	thirty eight   
3924	Frag: ein T-Shirt	3924.wav	i want a tee shirt 
3925	Frag: ein gelbes T-Shirt	3925.wav	i want a yellow tee shirt 
3926	Frag: eine L	3926.wav	where it 
3927	Frag: eine L	3927.wav	great
3928	Frag: eine L	3928.wav	i am a large
3929	Frag: Wie viel kostet es?	3929.wav	how much is nick
3930	Sag: Das T-Shirt ist zu teuer	3930.wav	the tee shirt is too expensive
3931	Sag: Mir geht es gut	3931.wav	i'm fine
3932	Frag: Stiefel	3932.wav	i would boots
3933	Frag: braune Stiefel	3933.wav	i want brown boots
3934	Frag: Grösse 39	3934.wav	thirty nine   
3935	Frag: ein T-Shirt	3935.wav	i want a tee shirt 
3936	Frag: ein braunes T-Shirt	3936.wav	i want a brown tee shirt 
3938	Frag: Wie viel kostet das T-Shirt?	3938.wav	how much is the tee shirt 
3940	Sag: Mir geht es gut	3940.wav	i'm fine
3941	Frag: Sandalen	3941.wav	i want sunday roast 
3942	Frag: weisse Sandalen	3942.wav	i want white sandals
3943	Frag: Grösse 44	3943.wav	forty four   
3944	Frag: Hosen	3944.wav	i will pants
3945	Frag: Hosen	3945.wav	i'm looking for trousers
3946	Frag: rote Hosen	3946.wav	i want red trousers
3947	Frag: eine S	3947.wav	 four
3948	Frag: Wie viel kostet die Hose?	3948.wav	how much i   want the row  
3949	Frag: Wie viel kostet die Hose?	3949.wav	how much does the grocer pool
3950	Sag: Die Hose ist zu teuer	3950.wav	where is is too expensive
3952	Sag: Ich heisse Sarah	3952.wav	my name is sarah
3953	Sag: Ich bin aus Italien	3953.wav	***  i'm from italy
3954	Sag: Die Hauptstadt von Italien ist Rom	3954.wav	the capital of italy is rome
3955	Sag: Ich habe 1 Bruder	3955.wav	i have a brothers
3956	Sag: Ich habe 1 Bruder	3956.wav	i have one brother
3958	Sag: Dies ist mein Pass	3958.wav	 ***  is my passport
3959	Sag: Dies ist mein Pass	3959.wav	yes it is my passport
3960	Sag: Ich heisse Michelle	3960.wav	my name is sarah 
3961	Sag: Ich bin aus Deutschland	3961.wav	***  i'm from germany
3962	Sag: Die Hauptstadt von Deutschland ist Berlin	3962.wav	the capital of germany is berlin
3963	Sag: Ich habe 4 ältere Brüder	3963.wav	i have four older brothers
3966	Sag: Dies ist mein Pass	3966.wav	***  ***  is my passport
3967	Frag: ein Ticket zum Green Park	3967.wav	i need a ticket to green park
3968	Sag: Ich möchte mit Kreditkarte bezahlen	3968.wav	i would like to pay by credit card
3969	Frag: 2 Tickets nach London	3969.wav	i need two tickets to london
3970	Sag: Ich möchte am Freitagmorgen abreisen	3970.wav	i want to leave on friday morning
3971	Sag: Ich heisse Silvia	3971.wav	my name  ***  silvia
3972	Sag: Ich bin aus England	3972.wav	***  i'm from england
3973	Frag: 6 Tickets nach London	3973.wav	i need six tickets to london
3974	Sag: Ich möchte am Freitagabend abreisen	3974.wav	i want to leave on friday night
3975	Sag: Ich heisse Stephanie	3975.wav	my name is the room  
3976	Sag: Ich bin aus Deutschland	3976.wav	***  i'm from germany
3977	Frag: 2 Tickets nach London	3977.wav	i need two tickets to london
3978	Sag: Ich möchte um 8 Uhr morgen abreisen	3978.wav	i want to leave at eight o'clock tomorrow
3979	Frag: Wie viel kostet es?	3979.wav	***   ***   a ticket
3980	Frag: billigeres Ticket	3980.wav	i want a   cheap ticket
3981	Sag: Das ist okay	3981.wav	this is okay
3982	Sag: Ich heisse Paul	3982.wav	my name is paul
3983	Sag: Ich bin aus Australien	3983.wav	***  i'm from australia
3986	Sag: Ich habe keine Reservation	3986.wav	no i don't no i do not have a reservation
3987	Frag: Zimmer für 6 Nächte	3987.wav	a room for six nights
3988	Frag: Doppelzimmer	3988.wav	a double room
3989	Frag: Doppelzimmer	3989.wav	i would like a double room
3991	Frag: Gibt es einen Lift?	3991.wav	is there a lift
3992	Frag: 2 Musical-Tickets	3992.wav	i need two musical tickets
3993	Frag: 2 Tickets für Sonntagabend	3993.wav	i need two tickets for sunday night
3995	Sag: Ich möchte in der fünften Reihe sitzen	3995.wav	i would like to sit in the fifth row
3996	Frag: Tickets für das Science Museum	3996.wav	i need tickets for the science museum
3997	Frag: 1 Ticket	3997.wav	i need want tickets
3998	Frag: 2 Musical-Tickets	3998.wav	i need two musical ticket
3999	Frag: 2 Tickets für heute Abend	3999.wav	i need two tickets for tonight
4000	Frag: 2 Tickets für Mamma Mia	4000.wav	i need two tickets for mamma mia
4001	Frag: Ticket für dieses Musical	4001.wav	i need    ***    ticket ticket for this musical
4002	Frag: Ticket für dieses Musical	4002.wav	i need a ticket for this musical
4003	Sag: Ich möchte hinten sitzen	4003.wav	i want to sit in the back
4004	Frag: Tickets für das British Museum	4004.wav	i need tickets for the british museum
4005	Frag: 3 Tickets	4005.wav	i need three tickets
4006	Frag: Zimmer für 5 Nächte	4006.wav	i want a room for five nights
4007	Frag: Twinzimmer	4007.wav	i want a double room
4008	Frag: Twinzimmer	4008.wav	a twin room please
4009	Sag: Ich möchte mit Visa bezahlen	4009.wav	can i pay with visa
4010	Sag: Ich möchte mit Euros bezahlen	4010.wav	i would pay with euros
4011	Frag: Gibt es ein Hotelrestaurant?	4011.wav	 i there a hotel restaurant
4012	Frag: Gibt es ein Hotelrestaurant?	4012.wav	is there a hotel restaurant
4014	Sag: Ich habe keine Reservation	4014.wav	i have no reservation
4015	Sag: Ich habe keine Reservation	4015.wav	no i don't no i do not have a reservation
4016	Sag: Ich habe keine Reservation	4016.wav	no i don't have a reservation
4017	Frag: Zimmer für 2 Nächte	4017.wav	a room for two nights
4018	Frag: Suite	4018.wav	i'd like a suite
4019	Sag: Ich möchte mit Visa bezahlen	4019.wav	can i pay with visa
4020	Frag: Gibt es einen Lift?	4020.wav	is there a a lift
4021	Frag: Zimmer für 3 Nächte	4021.wav	a room for three nights
4022	Frag: Junior Suite	4022.wav	i'd like a junior suite
4023	Sag: Ich möchte mit Visa bezahlen	4023.wav	can i pay with visa
4024	Frag: Gibt es einen Lebensmittelladen?	4024.wav	is there a grocery store
4025	Frag: Wo ist der Lebensmittelladen?	4025.wav	where is the grocery store
4026	Frag: Einzelzimmer	4026.wav	i would like a single room
4028	Frag: Gibt es einen Coiffeur?	4028.wav	is there a hairdresser
4029	Frag: Wo ist der Coiffeur?	4029.wav	where is the hairdresser
4030	Frag: Zimmer für 5 Nächte	4030.wav	***   for the room for five nights
4031	Frag: Wo ist der Coiffeur?	4031.wav	where is the hairdresser
4032	Frag: Zimmer für 5 Nächte	4032.wav	a room for five nights
4033	Frag: Twinzimmer	4033.wav	a twin room
4034	Sag: Ich möchte mit Kreditkarte bezahlen	4034.wav	i want to pay with by credit card
4035	Frag: Gibt es einen Coiffeur?	4035.wav	there a   have a hairdresser
4036	Frag: Wo ist der Coiffeur?	4036.wav	where is the hairdresser
4037	Sag: Mein Badezimmer ist dreckig	4037.wav	my bathroom is there a  
4038	Frag: Wo ist der Haarföhn?	4038.wav	where is the hairdresser where with 
4039	Frag: Wo ist der Haarföhn?	4039.wav	where is there a   hair a   hairdryer
4040	Frag: Wo ist der Haarföhn?	4040.wav	where is there a   hairdryer
4041	Frag: Zimmer für 3 Nächte	4041.wav	a room for three nights
4042	Frag: Twinzimmer	4042.wav	a twin room
4043	Sag: Ich möchte mit Mastercard bezahlen	4043.wav	i would like to pay with master card   
4044	Frag: Gibt es eine Hotelbar?	4044.wav	 i do you have a hotel bar
4045	Frag: Wo ist die Hotelbar?	4045.wav	where is the hotel bar
4046	Sag: Mein WC ist dreckig	4046.wav	my toilet is dirty
4047	Sag: Im Zimmer hat es keinen Haarföhn	4047.wav	in the room is
4048	Sag: Im Zimmer hat es keinen Haarföhn	4048.wav	 i don't have not a   ***  hairdryer
4049	Sag: Im Zimmer hat es keinen Haarföhn	4049.wav	in the room isn't a   ***  hairdryer
4050	Frag: Zimmer für 6 Nächte	4050.wav	a room for six nights
4051	Frag: Twinzimmer	4051.wav	a twin room
4052	Frag: ein Ticket zum Trafalgar Square	4052.wav	a ticket to just elder square
4053	Frag: ein Ticket zum Trafalgar Square	4053.wav	a ticket to have elder square
4058	Sag: Ich möchte mit Mastercard bezahlen	4058.wav	can i pay by    ***   mastercard
4061	Frag: ein Ticket zum Trafalgar Square	4061.wav	can i have a ticket to double bar rare 
4062	Sag: Ich möchte mit Visa bezahlen	4062.wav	can i pay with  ***  visa
4063	Sag: Ich möchte mit Pfund bezahlen	4063.wav	can i pay with bar 
4064	Sag: Ich möchte mit Pfund bezahlen	4064.wav	can i pay with euro 
4065	Frag: 3 Musical-Tickets	4065.wav	***  ***   pie three musical tickets
4066	Sag: Ich möchte heute Abend gehen	4066.wav	can i go  ***  this    ***  
4067	Sag: Ich möchte heute Abend gehen	4067.wav	i want  ***  ***   ***   boots 
4068	Sag: Ich möchte heute Abend gehen	4068.wav	***  ***  my room please
4069	Frag: 3 Tickets für das Phantom der Oper	4069.wav	***   ***   ***     ***    ***  ***    ***    i'm from england
4070	Sag: Ich möchte hinten sitzen	4070.wav	***  ***  ***  four nights
4071	Sag: Ich möchte hinten sitzen	4071.wav	i want  ***  ***  ***  ***   ***
4072	Sag: Ich möchte hinten sitzen	4072.wav	***  ***  ***  ***  the   ***
4073	Frag: Tickets für das London Eye	4073.wav	can i have tickets for the rhubarb pie
4075	Frag: 4 Tickets für morgen Abend	4075.wav	i would like four tickets for tomorrow evening
4079	Frag: mein Steak rare	4079.wav	i want steak rare
4080	Frag: mein Steak rare	4080.wav	i want a rare steak
4081	Frag: mein Steak rare	4081.wav	i would like to have a steak rare
4083	Frag: etwas Kartoffelstock	4083.wav	i would like have two have some of dessert mashed potato 
4085	Frag: Ich möchte die Dessertkarte	4085.wav	i would like the dessert card
4087	Frag: weisse Stiefel	4087.wav	 i would like white boots
4088	Frag: weisse Stiefel	4088.wav	i would like white boots
4089	Frag: Grösse 41	4089.wav	forty one
4090	Frag: Grösse 41	4090.wav	forty one
4091	Frag: Jeans	4091.wav	i want some jeans
4092	Frag: Jeans	4092.wav	i would like  ***    a some jeans
4093	Frag: weisse Jeans	4093.wav	i want white jeans
4094	Frag: eine L	4094.wav	they are
4095	Frag: eine L	4095.wav	big
4097	Frag: Wie viel kostet die Jeans?	4097.wav	how much  ***  tuesday jeans pass
4098	Sag: Dies ist zu teuer	4098.wav	no   ***  is too expensive
4099	Frag: Welcher Bus fährt dorthin?	4099.wav	which bus drives there
4100	Sag: Marble Arch ist gegenüber dem Hyde Park	4100.wav	marble arch is  ***   not find the hyde park
4102	Frag: Gibt es einen Lift?	4102.wav	is there a lift
4103	Frag: Wo ist der Lift?	4103.wav	and where is the lift
4104	Frag: Wo ist der Lift?	4104.wav	where is the lift
4105	Frag: Wo ist der Lift?	4105.wav	where is the   ***
4106	Sag: Ich bin aus Deutschland	4106.wav	***  i'm from german
4107	Sag: Ich bin aus Spanien	4107.wav	***  i'm from spain
4108	Sag: Ich möchte um 16 Uhr morgen abreisen	4108.wav	i would like to leave tomorrow at four  ***  ***
4109	Sag: Ich bin aus Australien	4109.wav	i  ***  want three  
4110	Sag: Ich heisse Janet	4110.wav	my name is john
4111	Sag: Ich bin aus Österreich	4111.wav	***  i'm from australia
4112	Sag: Ich heisse Erica	4112.wav	my name is erica
4113	Frag: Wo ist der Coiffeur?	4113.wav	where is the hairdresser
4114	Sag: Ich möchte mit Mastercard bezahlen	4114.wav	i want to buy with    ***   mastercard
4115	Frag: Gibt es einen Lebensmittelladen?	4115.wav	 my for i   am on saturday the supermarket
4116	Frag: Gibt es einen Lebensmittelladen?	4116.wav	is there a room for dessert card
4117	Frag: Gibt es einen Lebensmittelladen?	4117.wav	is there a grocery store
4118	Frag: Wo ist der Lebensmittelladen?	4118.wav	where is there a   grocery store
4119	Frag: Wo ist der Lebensmittelladen?	4119.wav	where is the grocery store
4120	Frag: Wo ist der Lebensmittelladen?	4120.wav	where is the grocery store
4121	Sag: Ich möchte um 12 Uhr morgen abreisen	4121.wav	i want to leave i   have tomorrow uh card tomorrow
4122	Sag: Ich möchte um 12 Uhr morgen abreisen	4122.wav	i would like to leave at twelve o'clock tomorrow
4123	Sag: Ich bin aus Schottland	4123.wav	***  i'm from scotland
4125	Frag: Einzelzimmer	4125.wav	***  single room
4126	Frag: Einzelzimmer	4126.wav	a single room please
4127	Sag: Ich möchte mit Kreditkarte bezahlen	4127.wav	i want to pay with  ***  credit card
4128	Sag: Ich möchte mit Kreditkarte bezahlen	4128.wav	 i would like pay with by credit card
4129	Sag: Ich möchte mit Kreditkarte bezahlen	4129.wav	i would to pay by credit card
4130	Frag: Gibt es eine Hotelbar?	4130.wav	is there a hotel bar
4131	Sag: Ich habe keine Reservation	4131.wav	i don't have a reservation
4132	Frag: Zimmer für 7 Nächte	4132.wav	***  room for seven nights
4133	Frag: Einzelzimmer	4133.wav	a single room
4134	Sag: Ich möchte mit Kreditkarte bezahlen	4134.wav	i would to pay by credit card
4135	Sag: Ich möchte mit Kreditkarte bezahlen	4135.wav	i would to pay pay by credit card
4136	Sag: Ich möchte mit Kreditkarte bezahlen	4136.wav	i would pay by credit card
4137	Frag: Gibt es ein Hotelrestaurant?	4137.wav	is there a hotel restaurant
4138	Frag: Wo ist das Hotelrestaurant?	4138.wav	where is the hotel restaurant
4139	Frag: Zimmer für 3 Nächte	4139.wav	a room for three nights
4140	Frag: Zimmer für 3 Nächte	4140.wav	a room for three nights
4141	Frag: Zimmer für 3 Nächte	4141.wav	a room for three nights
4142	Frag: Einzelzimmer	4142.wav	single room
4143	Frag: Einzelzimmer	4143.wav	a single room
4144	Frag: Einzelzimmer	4144.wav	single room
4145	Sag: Ich möchte mit Visa bezahlen	4145.wav	i want to pay by visa
4146	Sag: Ich möchte mit Visa bezahlen	4146.wav	i would to pay by visa
4147	Sag: Ich möchte mit Dollars bezahlen	4147.wav	i would to pay by dollars
4148	Frag: Gibt es einen Coiffeur?	4148.wav	is there a coiffeur
4149	Frag: Gibt es einen Coiffeur?	4149.wav	is there a hairdresser
4150	Frag: Wo ist der Coiffeur?	4150.wav	where is the hairdresser
4151	Sag: Mein WC ist dreckig	4151.wav	my toilet is dirty
4152	Sag: Im Zimmer hat es kein Shampoo	4152.wav	in the room there's no shampoo
4153	Sag: Im Zimmer hat es kein Shampoo	4153.wav	where is no shampoo in the room
4154	Sag: Im Zimmer hat es kein Shampoo	4154.wav	there is no shampoo in the room
4155	Frag: Wo kann ich ein Shampoo kaufen?	4155.wav	where like to buy a   shampoo
4156	Frag: Wo kann ich ein Shampoo kaufen?	4156.wav	where can i buy shampoo
4157	Frag: 4 Tickets nach London	4157.wav	four tickets to london
4158	Frag: 4 Tickets nach London	4158.wav	four tickets for london
4159	Frag: 4 Tickets nach London	4159.wav	four tickets to london
4161	Sag: Ich habe keine Reservation	4161.wav	i don't have a reservation
4162	Frag: Zimmer für 2 Nächte	4162.wav	is there a   room for two nights
4164	Frag: Doppelzimmer	4164.wav	i would like a double room
4165	Sag: Ich möchte mit Postkarte bezahlen	4165.wav	i would pay with post card
4166	Frag: Gibt es ein Schwimmbad?	4166.wav	***  you have a swimming pool
4167	Frag: Wo ist das Schwimmbad?	4167.wav	where is the swimming pool
4168	Frag: Zimmer für 1 Woche	4168.wav	 ***   ***    ***   i do you a room for one week
4171	Frag: Twinzimmer	4171.wav	twin room
4172	Frag: Twinzimmer	4172.wav	a twin room please
4174	Sag: Ich möchte mit Kreditkarte bezahlen	4174.wav	i   ***  would pay with credit card
4175	Frag: Gibt es einen Lebensmittelladen?	4175.wav	 i need a   supermarket a      gym    
4176	Frag: Gibt es einen Lebensmittelladen?	4176.wav	does it is there a supermarket
4177	Frag: Gibt es einen Lebensmittelladen?	4177.wav	is there a grocery store
4178	Frag: Wo ist der Lebensmittelladen?	4178.wav	where is a   grocery store
4179	Sag: Das WC ist dreckig	4179.wav	 to go is dirty
4180	Sag: Im Zimmer hat es keinen Haarföhn	4180.wav	i   ***   got i could not want a 
4181	Sag: Im Zimmer hat es keinen Haarföhn	4181.wav	i have not   ***  want a hairdryer
4182	Sag: Im Zimmer hat es keinen Haarföhn	4182.wav	i could not find a   hairdryer
4183	Frag: Wo kann ich einen Haarföhn kaufen?	4183.wav	where is the rhubarb there a hairdryer
4184	Frag: Wo kann ich einen Haarföhn kaufen?	4184.wav	where is not a   a hairdryer
4186	Sag: Ich habe keine Reservation	4186.wav	no i     am good
4187	Sag: Ich habe keine Reservation	4187.wav	no i have no reservation
4188	Sag: Ich habe keine Reservation	4188.wav	no i    ***     am a reservation
4189	Frag: Zimmer für 2 Nächte	4189.wav	a room for  ***  tomorrow
4190	Frag: Doppelzimmer	4190.wav	a double room for
4191	Frag: Doppelzimmer	4191.wav	a room for two person
4192	Frag: Doppelzimmer	4192.wav	i would like a double room
4194	Frag: Gibt es ein Hotelrestaurant?	4194.wav	is there a hotel restaurant
4195	Frag: Wo ist das Hotelrestaurant?	4195.wav	where is the hotel restaurant
4196	Frag: ein Ticket nach London	4196.wav	i don't have a ticket to london
4197	Frag: ein Ticket nach London	4197.wav	i would one ticket to
4199	Sag: Ich möchte um 16 Uhr morgen abreisen	4199.wav	i would like to leave tomorrow  ***    a forty is
4200	Sag: Ich heisse Michelle	4200.wav	my name is michelle
4201	Sag: Ich bin aus Kanada	4201.wav	***  i'm from canada
4202	Sag: Ich heisse Andy	4202.wav	 i will my name is   ***
4203	Sag: Ich bin aus Deutschland	4203.wav	***  i'm from germany is rome
4204	Sag: Die Hauptstadt von Deutschland ist Berlin	4204.wav	the    ***    capture my country is there a    suite
4205	Sag: Die Hauptstadt von Deutschland ist Berlin	4205.wav	the capital of germany is berlin
4206	Sag: Ich habe 2 ältere Schwestern	4206.wav	i have a   room for this is the circus
4207	Sag: Ich gehe in die Ferien	4207.wav	i am on holidays
4208	Sag: Dies ist mein Pass	4208.wav	where is my passport
4209	Sag: Mir geht es gut	4209.wav	i  ***  would
4210	Sag: Mir geht es gut	4210.wav	i'm from france
4211	Sag: Ich möchte mit Kreditkarte bezahlen	4211.wav	i want where is the credit card
4212	Sag: Ich möchte mit Kreditkarte bezahlen	4212.wav	i would pay with credit card
4213	Frag: Gibt es ein Fitnessstudio?	4213.wav	there a   a big where is there a  
4214	Frag: Wo ist das Fitnessstudio?	4214.wav	where is the    ***     bill 
4215	Frag: Wo ist das Fitnessstudio?	4215.wav	where is dirty dresser euro 
4216	Sag: Das WC ist dreckig	4216.wav	 i need there a   ticket to buy
4217	Sag: Das WC ist dreckig	4217.wav	where is there a hairdryer
4219	Frag: Zimmer für 3 Nächte	4219.wav	can i have a room for four nights
4220	Frag: Junior Suite	4220.wav	can i have a    ***   hairdryer
4222	Sag: Ich möchte mit Postkarte bezahlen	4222.wav	i like  ***  pay with post card
4223	Frag: Gibt es einen Coiffeur?	4223.wav	is there a      ***    
4224	Frag: Wo ist der Coiffeur?	4224.wav	where is there a      grocer  
4225	Frag: Wo ist der Coiffeur?	4225.wav	where is  ***     there   
4226	Frag: Wo ist das Science Museum?	4226.wav	where where is there a   shampoo there a      room 
4227	Frag: Wo ist das Science Museum?	4227.wav	where is  ***   to notting hill 
4228	Frag: Wo ist das Science Museum?	4228.wav	and where is the phantom there
4229	Frag: Wo ist der Tower?	4229.wav	where is the tower
4230	Frag: Wo ist der Tower?	4230.wav	where is the tower
4231	Frag: Wo ist der Tower?	4231.wav	***  ***   my name is there a room for four hotel
4232	Frag: Welcher Bus fährt dorthin?	4232.wav	which bus goes there
4233	Sag: Marble Arch ist gegenüber dem Hyde Park	4233.wav	where are there a   hairdryer post my pass for the i   have a   double room for where are there a   like a    post by post hyde park
4234	Sag: Marble Arch ist gegenüber dem Hyde Park	4234.wav	***  four is near uh water by credit card card
4236	Sag: Ich habe keine Reservation	4236.wav	i   ***   have a reservation
4237	Sag: Ich habe keine Reservation	4237.wav	i haven't a reservation
4238	Sag: Ich habe keine Reservation	4238.wav	i don't have a reservation is bern
4239	Sag: Ich habe keine Reservation	4239.wav	i don't where is bern   
4240	Sag: Ich habe keine Reservation	4240.wav	i have a   thursday and    
4241	Sag: Ich habe keine Reservation	4241.wav	i have not a reservation
4244	Sag: Ich habe keine Reservation	4244.wav	i don't have a reservation
4247	Sag: Ich habe keine Reservation	4247.wav	the i don't have a reservation i pay by is my name is    
4250	Frag: Zimmer für 3 Nächte	4250.wav	 i have a   room for three nights is it a   hotel have four a   i have a room for three nights
4251	Frag: Suite	4251.wav	***  ***   ***  ***   *** 
4252	Frag: Suite	4252.wav	***   twin
4254	Sag: Ich möchte mit Visa bezahlen	4254.wav	i go pay with green park
4255	Frag: Gibt es ein Fitnessstudio?	4255.wav	 ***   there a    ***    sweatshirt
4256	Frag: Wo ist das Fitnessstudio?	4256.wav	where is  ***    ***    museum
4257	Frag: Wo ist das Fitnessstudio?	4257.wav	where is there nigger there
4258	Frag: Wo ist das Fitnessstudio?	4258.wav	where is  ***    ***     near 
4259	Frag: 4 Musical-Tickets	4259.wav	can i have four musical tickets
4260	Frag: 4 Musical-Tickets	4260.wav	i would like  ***  ***   ***    ***      bar  
4261	Frag: 4 Musical-Tickets	4261.wav	a red for four    ***    tickets
4262	Frag: ein Ticket für Mittwochabend	4262.wav	***  ***  there a ticket for wednesday night
4264	Sag: Ich habe keine Reservation	4264.wav	i don't have a reservation
4265	Sag: Mir geht es gut	4265.wav	 i am fine
4266	Frag: Stiefel	4266.wav	***    a hotel have two 
4267	Frag: Stiefel	4267.wav	i would like some boots
4268	Frag: weisse Stiefel	4268.wav	i would like white post
4269	Frag: Grösse 39	4269.wav	thursday night   
4270	Frag: ein T-Shirt	4270.wav	i would like a t-shirt
4271	Frag: ein T-Shirt	4271.wav	i would like a t-shirt
4272	Frag: ein T-Shirt	4272.wav	i would like a tee shirt 
4273	Sag: Mir geht es gut	4273.wav	i'm fine
4274	Frag: Sandalen	4274.wav	i would like sandals
4276	Frag: rote Sandalen	4276.wav	i would like red sandals
4277	Frag: rote Sandalen	4277.wav	red sandals
4278	Frag: Grösse 42	4278.wav	forty two   
4279	Frag: Hosen	4279.wav	i would like trousers
4280	Frag: Hosen	4280.wav	i am looking for trousers
4281	Frag: pinkige Hosen	4281.wav	i would like pay with a   sweatshirt
4283	Frag: Wie viel kostet die Hose?	4283.wav	how much does the trousers cost
4284	Sag: Die Hose ist zu teuer	4284.wav	this trousers are is too tight
4286	Frag: Wo ist das Naturhistorische Museum?	4286.wav	i am looking for the piccadilly a       to leave history museum
4287	Frag: Wo ist das Naturhistorische Museum?	4287.wav	i am looking for the natural italy is there is there
4288	Frag: Wo ist Big Ben?	4288.wav	where are the big ben
4289	Frag: Wo ist Big Ben?	4289.wav	where is nick spain
4290	Frag: Welcher Bus fährt dorthin?	4290.wav	which bus goes there
4291	Sag: Marble Arch ist gegenüber dem Hyde Park	4291.wav	 i want a      a room is with going to hyde park
4292	Frag: ein Ticket nach Notting Hill	4292.wav	 i would like to nothing hill
4293	Frag: ein Ticket nach Notting Hill	4293.wav	 i would like to notting hill
4294	Frag: ein Ticket nach Notting Hill	4294.wav	i would like a ticket to notting hill
4296	Sag: Ich möchte mit Mastercard bezahlen	4296.wav	can i pay with leave at card   
4297	Sag: Ich möchte mit Mastercard bezahlen	4297.wav	can i pay with mastercard
4299	Frag: 5 Tickets nach London	4299.wav	i would like to leave at five tickets to london
4300	Frag: 5 Tickets nach London	4300.wav	i would like five tickets to london
4302	Sag: Ich möchte am Sonntagnachmittag abreisen	4302.wav	i would like to leave on sunday afternoon
4304	Sag: Ich heisse Sarah	4304.wav	my name is a    room
4305	Sag: Ich bin aus Österreich	4305.wav	i am from tower bridge 
4306	Sag: Ich heisse Silvia	4306.wav	my name is silvia
4307	Sag: Ich bin aus England	4307.wav	i am from england
4308	Frag: ein Ticket zum Piccadilly Circus	4308.wav	tickets to to leave at billy elliot
4309	Frag: ein Ticket zum Piccadilly Circus	4309.wav	i want a ticket to pick is a     ticket card 
4310	Frag: ein Ticket zum Piccadilly Circus	4310.wav	i want a ticket to piccadilly see the dessert card 
4311	Sag: Ich möchte mit Mastercard bezahlen	4311.wav	i want pay with is the mastercard
4312	Sag: Ich möchte mit Mastercard bezahlen	4312.wav	can i pay be mastercard
4313	Frag: 4 Musical-Tickets	4313.wav	four musical ticket
4314	Frag: 4 Musical-Tickets	4314.wav	i will pay four musical tickets
4315	Frag: 4 Musical-Tickets	4315.wav	i would like to buy four musical ticket
4317	Frag: 4 Tickets für Mittwochabend	4317.wav	four tickets for wednesday evening
4318	Frag: 4 Tickets für Mittwochabend	4318.wav	i want four tickets for wednesday night
4319	Frag: 4 Tickets für das Phantom der Oper	4319.wav	i want four tickets for the phantom of the opera
4321	Sag: Ich möchte vorne sitzen	4321.wav	i would like to sit in the front
4322	Frag: Tickets für das London Eye	4322.wav	tickets for the london a
4323	Frag: Tickets für das London Eye	4323.wav	tickets for to london nights
4324	Frag: Tickets für das London Eye	4324.wav	can i also have tickets for the london please
4325	Frag: 2 Tickets	4325.wav	two tickets
4326	Frag: 2 Tickets	4326.wav	can i have two tickets
4327	Frag: eine Limonade	4327.wav	i would like a    room  
4328	Frag: einen Hamburger	4328.wav	i would like a hamburger
4329	Frag: meinen Hamburger rare	4329.wav	i would like my hamburger rare
4330	Frag: meinen Hamburger rare	4330.wav	i would like my hamburger rare
4331	Frag: meinen Hamburger rare	4331.wav	i would like my hamburger rare
4332	Frag: Auberginen	4332.wav	i would like a     evening 
4333	Frag: Auberginen	4333.wav	could i have some aubergines
4334	Frag: Ich möchte die Dessertkarte	4334.wav	i would like the is there card
4335	Frag: Ich möchte die Dessertkarte	4335.wav	i would like a    ticket to 
4336	Frag: Ich möchte die Dessertkarte	4336.wav	 i dessert menu
4337	Frag: Custard Tart	4337.wav	i would like the custard tart
4338	Frag: Ich möchte die Rechnung	4338.wav	i would like to pay
4339	Frag: Ich möchte die Rechnung	4339.wav	i would like the check
4340	Sag: Ich möchte mit Kreditkarte bezahlen	4340.wav	i would like pay with the credit card
4343	Sag: Mir geht es gut	4343.wav	can i   am fine is dirty
4344	Sag: Mir geht es gut	4344.wav	i'm good
4346	Frag: Sandalen	4346.wav	 a i would like sandals   ***   ticket
4347	Frag: Sandalen	4347.wav	i would like a   hamburger medium
4348	Frag: blaue Sandalen	4348.wav	i would like a   room for wednesday
4349	Frag: Grösse 41	4349.wav	forty one   
4350	Frag: ein T-Shirt	4350.wav	i want a t-shirt
4351	Frag: ein rotes T-Shirt	4351.wav	i want a red i   there a   
4352	Frag: eine S	4352.wav	 i want a    water
4353	Frag: eine S	4353.wav	 is there
4354	Frag: eine S	4354.wav	 a citron pass master card
4355	Frag: Wie viel kostet das T-Shirt?	4355.wav	 i would much does this t-shirt a   ticket to london
4357	Frag: Stiefel	4357.wav	i would like some boots
4358	Frag: Stiefel	4358.wav	i   ***    am a    room
4359	Frag: Stiefel	4359.wav	i   ***  ***   pay where is i    i would like some boots
4360	Frag: weisse Stiefel	4360.wav	i would like white boots card
4361	Frag: Grösse 43	4361.wav	 my name is the 
4362	Frag: Grösse 43	4362.wav	mastercard please three
4363	Sag: Ich habe keine Reservation	4363.wav	no i do not have a reservation
4364	Frag: Zimmer für 2 Nächte	4364.wav	***   ***  a room for two nights
4365	Frag: Einzelzimmer	4365.wav	can i have a single room
4366	Sag: Ich möchte mit Mastercard bezahlen	4366.wav	can i pay with mastercard
4368	Frag: Gibt es ein Fitnessstudio?	4368.wav	is there a gym
4369	Frag: Wo ist das Fitnessstudio?	4369.wav	where is the gym
4370	Sag: Ich habe keine Reservation	4370.wav	no i do not have a reservation
4371	Frag: Zimmer für 4 Nächte	4371.wav	i want a room for four nights
4372	Frag: Einzelzimmer	4372.wav	can i will have a single room please
4373	Sag: Ich möchte mit Kreditkarte bezahlen	4373.wav	i want pay with credit card
4374	Frag: Gibt es ein Hotelrestaurant?	4374.wav	***  there a hotel restaurant
4375	Frag: Wo ist das Hotelrestaurant?	4375.wav	where is the hotel restaurant
4377	Frag: Zimmer für 6 Nächte	4377.wav	***  i have a room for six nights
4380	Frag: Gibt es ein Hotelrestaurant?	4380.wav	is there  ***  hotel restaurant
4381	Frag: Wo ist das Hotelrestaurant?	4381.wav	where is the hotel restaurant
4382	Frag: Zimmer für 5 Nächte	4382.wav	***  i have a room for five nights
4383	Frag: Doppelzimmer	4383.wav	can i have a double room
4384	Sag: Ich möchte mit Kreditkarte bezahlen	4384.wav	i want pay with credit card
4385	Frag: Gibt es einen Lebensmittelladen?	4385.wav	is there a    ***    grocer store
4386	Frag: Wo ist der Lebensmittelladen?	4386.wav	where is the grocery store
4387	Sag: Ich habe keine Reservation	4387.wav	i have not a reservation
4389	Sag: Ich habe keine Reservation	4389.wav	i want a reservation
4390	Sag: Ich habe keine Reservation	4390.wav	i do not  ***  reservation
4392	Sag: Ich habe keine Reservation	4392.wav	i have not a reservation
4396	Sag: Ich heisse Thomas	4396.wav	my name is john 
4397	Sag: Ich bin aus Irland	4397.wav	***  i'm from ireland
4398	Frag: ein Ticket nach London	4398.wav	i want one ticket to london
4399	Sag: Ich möchte um 18 Uhr morgen abreisen	4399.wav	i want to leave at six p._m.  tomorrow
4400	Sag: Ich heisse Thomas	4400.wav	my name is thomas
4401	Sag: Ich bin aus Spanien	4401.wav	***  i'm from spain
4402	Sag: Ich heisse Patrick	4402.wav	my name is patrick
4403	Sag: Ich bin aus der Schweiz	4403.wav	***  i'm from switzerland switzerland
4404	Sag: Die Hauptstadt von der Schweiz ist Bern	4404.wav	the capital city of the swiss is rome
4405	Sag: Die Hauptstadt von der Schweiz ist Bern	4405.wav	the capital of switzerland is rome
4406	Sag: Ich habe 3 ältere Brüder	4406.wav	***   ***  three older brothers
4408	Sag: Ich gehe in die Ferien	4408.wav	i going on holidays
4409	Sag: Dies ist mein Pass	4409.wav	 ***  ***  my passport
4410	Sag: Dies ist mein Pass	4410.wav	yes  ***  is my passport
4411	Frag: ein Ticket nach Notting Hill	4411.wav	can i have a ticket to leave at the bill
4412	Sag: Ich möchte mit Visa bezahlen	4412.wav	pay with visa
4413	Sag: Ich möchte mit Visa bezahlen	4413.wav	can i pay with visa
4415	Frag: 1 Musical-Ticket	4415.wav	can i have one musical tickets
4417	Sag: Ich möchte am Dienstagabend gehen	4417.wav	i want to go on tuesday evening
4418	Frag: ein Ticket für Mamma Mia	4418.wav	a ticket for mamma mia
4419	Frag: ein Ticket für Mamma Mia	4419.wav	that want  ***  tickets for mamma mia
4420	Sag: Ich möchte in der fünften Reihe sitzen	4420.wav	i would like to sit in the fifth row
4421	Sag: Ich möchte in der fünften Reihe sitzen	4421.wav	i want to sit in the fifth row
4422	Frag: Tickets für die National Gallery	4422.wav	i would like tickets for the national gallery
4423	Frag: 2 Tickets	4423.wav	can i have two tickets please
4424	Frag: Zimmer für 4 Nächte	4424.wav	i want  ***  room for four nights please
4425	Frag: Doppelzimmer	4425.wav	can i have a    ***   room please
4426	Sag: Ich möchte mit Visa bezahlen	4426.wav	i want pay with visa card
4427	Sag: Ich möchte mit Visa bezahlen	4427.wav	i want pay with visa
4428	Sag: Ich möchte mit Visa bezahlen	4428.wav	i want pay with visa
4429	Frag: Gibt es ein Hotelrestaurant?	4429.wav	is there a hotel restaurant
4430	Frag: Wo ist das Hotelrestaurant?	4430.wav	where is the hotel restaurant
4431	Frag: Wo ist das Hotelrestaurant?	4431.wav	where is the hotel restaurant
4432	Frag: Wo ist die National Gallery?	4432.wav	where is the national row  
4433	Frag: Wo ist Piccadilly Circus?	4433.wav	where is the piccadilly circus
4434	Frag: Wo ist Piccadilly Circus?	4434.wav	where is the piccadilly circus
4435	Frag: Wo ist Piccadilly Circus?	4435.wav	where is the museum bill
4436	Sag: Es ist nahe der Bank of England	4436.wav	where is my name is near bank of england
4437	Sag: Es ist nahe der Bank of England	4437.wav	***  ***   ***  the bank of england
4438	Sag: Mir geht es gut	4438.wav	i'm good
4439	Frag: Stiefel	4439.wav	i would like   ***  boots
4440	Frag: weisse Stiefel	4440.wav	i would like white boots please
4441	Frag: weisse Stiefel	4441.wav	i would like white boots
4442	Frag: Grösse 42	4442.wav	four tickets for the room  
4443	Frag: ein T-Shirt	4443.wav	i would like a t-shirt
4444	Frag: ein T-Shirt	4444.wav	i would like a t-shirt
4445	Frag: ein gelbes T-Shirt	4445.wav	i would like a yellow tee shirt 
4446	Frag: eine S	4446.wav	small
4447	Frag: Wie viel kostet das T-Shirt?	4447.wav	how much is this  ***  t-shirt
4449	Sag: Dies ist zu teuer	4449.wav	this is too through
4450	Sag: Dies ist zu teuer	4450.wav	it's too expensive
4451	Sag: Mir geht es gut	4451.wav	i'm boots
4452	Frag: Sandalen	4452.wav	i am looking for tomorrow
4453	Frag: blaue Sandalen	4453.wav	i would like boots row  
4454	Frag: blaue Sandalen	4454.wav	 ***   boots please
4455	Frag: Grösse 43	4455.wav	which room for the zoo 
4456	Frag: Grösse 43	4456.wav	a for the zoo    
4457	Frag: ein Hemd	4457.wav	i want a store
4458	Frag: ein Hemd	4458.wav	i want a shirt
4459	Frag: ein pinkiges Hemd	4459.wav	i would like a pink shirt
4460	Frag: eine L	4460.wav	the
4461	Sag: Dies ist zu eng	4461.wav	this  ***  ***  musical
4462	Sag: Dies ist zu eng	4462.wav	this  ***  ***  musical
4463	Sag du möchtest nicht: dieses Hemd	4463.wav	i do not want this shirt
4464	Sag, dass du es nicht möchtest	4464.wav	no i do not want the
4465	Sag: Ich habe keine Reservation	4465.wav	i have  ***  no reservation
4468	Frag: ein Ticket zum Piccadilly Circus	4468.wav	i want a ticket to      ***      italy
4470	Frag: 4 Tickets nach London	4470.wav	***    a four tickets  ***   room 
4471	Frag: 4 Tickets nach London	4471.wav	 a room for the
4472	Frag: 4 Tickets nach London	4472.wav	i will buy four tickets  ***   room 
4473	Sag: Ich möchte am Dienstagabend abreisen	4473.wav	i want a   room for tuesday evening
4474	Sag: Ich heisse Nick	4474.wav	my name is nick
4475	Sag: Ich bin aus Österreich	4475.wav	***  i'm from austria
4476	Frag: 2 Tickets nach London	4476.wav	i would like  ***     to the room 
4477	Sag: Ich möchte am Sonntag abreisen	4477.wav	i want to leave room for london
4478	Sag: Ich heisse Patrick	4478.wav	my name is card 
4479	Frag: 3 Tickets nach London	4479.wav	can i have three tickets to london
4480	Sag: Ich möchte am Samstagabend abreisen	4480.wav	i want to leave at  ***  saturday evening
4481	Sag: Ich heisse Barbara	4481.wav	my name is barbara
4482	Sag: Ich bin aus Spanien	4482.wav	***  ankara a     room 
4483	Sag: Ich bin aus Spanien	4483.wav	i am from france
4484	Sag: Ich heisse James	4484.wav	my name is rome
4485	Sag: Ich bin aus Italien	4485.wav	i am from italia
4486	Sag: Die Hauptstadt von Italien ist Rom	4486.wav	the capital of the room for tomorrow
4487	Sag: Ich habe 4 Schwestern	4487.wav	i have four museum 
4488	Sag: Ich habe 4 Schwestern	4488.wav	i have   ***    card 
4489	Sag: Ich gehe in die Ferien	4489.wav	i go on  ***  holiday
4490	Sag: Dies ist mein Pass	4490.wav	***  where is my passport
4491	Sag: Ich heisse Silvia	4491.wav	my name is silvia
4492	Sag: Ich bin aus Spanien	4492.wav	***  i'm from france
4493	Sag: Die Hauptstadt von Spanien ist Madrid	4493.wav	the capital of    ***     a market
4494	Sag: Ich habe 4 ältere Schwestern	4494.wav	***  have   ***  smaller barbara
4496	Sag: Dies ist mein Pass	4496.wav	***  where is my passport
4497	Sag: Ich heisse Erica	4497.wav	my name is erica
4498	Sag: Ich bin aus Australien	4498.wav	***  i'm from australia
4499	Sag: Ich heisse Mona	4499.wav	my name is mona
4500	Sag: Ich bin aus Amerika	4500.wav	***  i'm from america
4501	Sag: Ich heisse Michelle	4501.wav	my name is michelle
4502	Sag: Ich bin aus England	4502.wav	***  i'm from england
4503	Sag: Ich heisse Jack	4503.wav	my name is jack
4504	Sag: Ich bin aus Schottland	4504.wav	***  i'm from scotland
4505	Sag: Ich heisse Jack	4505.wav	my name is jack
4506	Sag: Ich bin aus Österreich	4506.wav	***  i'm from austria
4507	Sag: Österreich ist nicht in Afrika	4507.wav	austria isn't in africa
4508	Sag: Österreich ist in Europa	4508.wav	austria is in europe
4509	Sag: Das ist okay	4509.wav	 ***  that's okay
4510	Sag: Das ist okay	4510.wav	 ***  that's okay
4511	Sag: Das ist okay	4511.wav	that is okay
4512	Sag: Die Hauptstadt von Österreich ist Wien	4512.wav	the capital of austria is wien
4513	Sag: Ich habe eine ältere Schwester	4513.wav	i have three older sister
4514	Sag: Ich habe eine ältere Schwester	4514.wav	i have three want a      lift 
4515	Sag: Ich habe eine ältere Schwester	4515.wav	i have three older sisters
4517	Sag: Dies ist mein Pass	4517.wav	this is my passport
4518	Sag: Dies ist mein Pass	4518.wav	yes this is my pass card  
4519	Frag: ein Ticket zum Green Park	4519.wav	can i have a ticket to  ***  green card
4520	Sag: Ich möchte mit Kreditkarte bezahlen	4520.wav	i like to buy with credit card
4521	Sag: Ich möchte mit Pfund bezahlen	4521.wav	i like  ***  buy with pounds
4522	Sag: Ich habe nur grosse Noten	4522.wav	i have only great nights
4523	Sag: Ich habe nur grosse Noten	4523.wav	i only have large notes
4524	Frag: Wo ist der Geldautomat?	4524.wav	***  where is  ***  dirty
4525	Frag: Wo ist der Geldautomat?	4525.wav	where is there a tea am
4526	Frag: ein Ticket zum Trafalgar Square	4526.wav	can i have a ticket to the trou bread
4527	Sag: Ich möchte mit Postkarte bezahlen	4527.wav	***   can i   am by post card
4528	Sag: Ich möchte mit Schweizer Franken bezahlen	4528.wav	***   can i   i buy three nights
4529	Sag: Ich möchte mit Schweizer Franken bezahlen	4529.wav	i like i   with swiss francs
4530	Sag: Ich möchte mit Schweizer Franken bezahlen	4530.wav	can i pay with swiss francs
4531	Sag: Ich habe kleinere Note	4531.wav	i have smaller notes
4532	Frag: ein Ticket nach Notting Hill	4532.wav	***  i have a ticket to notting hill
4533	Sag: Ich möchte mit Visa bezahlen	4533.wav	can i pay with visa visa
4534	Sag: Ich möchte mit Euros bezahlen	4534.wav	can i   am a    room
4535	Sag: Ich habe nur grosse Noten	4535.wav	i have only big note
4536	Sag: Ich habe nur grosse Noten	4536.wav	i only have a   small
4538	Sag: Kann ich mit Kreditkarte bezahlen	4538.wav	can i have with credit card
4539	Sag: Kann ich mit Kreditkarte bezahlen	4539.wav	can i don't have a   with credit card
4540	Sag: Kann ich mit Kreditkarte bezahlen	4540.wav	i'd like to have a   room with credit card
4541	Frag: 3 Musical-Tickets	4541.wav	can i have three musical tickets
4542	Frag: ein Ticket für Donnerstagabend	4542.wav	i'd like to go at tuesday evening
4544	Frag: 3 Tickets für Wicked	4544.wav	can i have three tickets for wicked
4545	Sag: Ich möchte in der vierten Reihe sitzen	4545.wav	i would like to sit in the fourth row
4546	Frag: Tickets für das Naturhistorische Museum	4546.wav	can i have tickets for the natural museum
4547	Frag: 2 Tickets	4547.wav	can i have two tickets
4548	Frag: 1 Musical-Ticket	4548.wav	can i have one musical tickets
4549	Frag: ein Ticket für Freitagabend	4549.wav	i like to go at friday night
4550	Frag: ein Ticket für Freitagabend	4550.wav	can i   have a   ticket for friday night i   can i have a ticket for friday night
4552	Frag: ein Ticket für Billy Elliot	4552.wav	can i have a ticket for billy elliot
4553	Sag: Ich möchte vorne sitzen	4553.wav	i like  ***   a for the first row
4554	Sag: Ich möchte vorne sitzen	4554.wav	i like to sit in the first row
4556	Frag: Tickets für die National Gallery	4556.wav	can i have tickets for the national gallery
4557	Frag: 4 Tickets	4557.wav	can i have four tickets
4558	Frag: 4 Musical-Tickets	4558.wav	can i have four musical tickets
4559	Sag: Ich möchte am Dienstagabend gehen	4559.wav	i like to go at tuesday night
4560	Frag: 4 Tickets für Wicked	4560.wav	can i have four tickets for wicked
4562	Frag: Tickets für die National Gallery	4562.wav	can i have tickets for the national gallery
4563	Frag: 3 Tickets	4563.wav	can i have three tickets
4564	Frag: einen Tee	4564.wav	can i have a gym
4565	Frag: einen Tee	4565.wav	i would like a tea
4566	Frag: einen Hamburger	4566.wav	i would like a hamburger
4567	Frag: meinen Hamburger medium	4567.wav	i would like my hamburger medium
4568	Frag: etwas Knoblauchbrot	4568.wav	i would like some garlic bread
4569	Frag: Ich möchte die Dessertkarte	4569.wav	can i have a   dessert card
4570	Frag: Ich möchte die Dessertkarte	4570.wav	i would like to the dessert card
4571	Frag: Ich möchte die Dessertkarte	4571.wav	the dessert menu please
4572	Frag: ein Wasser ohne Kohlensäure	4572.wav	can i have a still water
4573	Frag: den Sonntagsbraten	4573.wav	i would like the sunday row 
4574	Frag: den Sonntagsbraten	4574.wav	can i have the sunday room
4575	Frag: meinen Sonntagsbraten medium	4575.wav	i like my sunday roast medium
4576	Frag: Pilze	4576.wav	can i have some mushroom
4577	Sag: Dies ist nicht was ich bestellt habe	4577.wav	this is not what i have a    water 
4578	Frag: Ich möchte die Dessertkarte	4578.wav	can i have the dessert menu
4579	Frag: Ich möchte die Dessertkarte	4579.wav	can i have the dessert menu    *** 
4580	Frag: Custard Tart	4580.wav	i would like the card dessert card
4581	Frag: Ich möchte die Rechnung	4581.wav	can i have the bill
4582	Sag: Ich möchte mit Kreditkarte bezahlen	4582.wav	i like to pay by credit card
4583	Frag: eine Fanta	4583.wav	can i have a fanta
4584	Frag: ein Steak	4584.wav	can i have a steak
4585	Frag: mein Steak medium	4585.wav	i like my steak medium
4586	Frag: Bohnen	4586.wav	i would like boots
4587	Frag: Bohnen	4587.wav	i would like some boots
4588	Frag: Ich möchte die Dessertkarte	4588.wav	can i have the dessert menu
4589	Frag: Ich möchte die Dessertkarte	4589.wav	can i have the dessert my room
4590	Frag: Ich möchte die Dessertkarte	4590.wav	the dessert menu please
4591	Frag: eine Cola	4591.wav	can i have a tomorrow night
4592	Frag: ein Steak	4592.wav	can i have the steak
4593	Frag: ein Steak	4593.wav	can i have a    room
4594	Frag: ein Steak	4594.wav	i would like the   *** 
4595	Frag: mein Steak durchgebraten	4595.wav	i would like my steak well done
4596	Frag: mein Steak durchgebraten	4596.wav	i would like my steak well done
4597	Frag: die Tagessuppe	4597.wav	can i have the bank of the day
4598	Sag: Dies ist nicht was ich bestellt habe	4598.wav	 the not what i   water 
4599	Sag: Dies ist nicht was ich bestellt habe	4599.wav	that is not what i    bar  
4600	Sag: Dies ist nicht was ich bestellt habe	4600.wav	this is not what i    bar  
4601	Frag: Ich möchte die Dessertkarte	4601.wav	can i   have the dessert menu please can i have the dessert menu please
4602	Frag: Ich möchte die Dessertkarte	4602.wav	can i have the dessert menu
4603	Frag: Custard Tart	4603.wav	i would like to have the card
4604	Frag: Ich möchte die Rechnung	4604.wav	can i have the bill
4605	Sag: Ich möchte mit Kreditkarte bezahlen	4605.wav	i like to pay with credit card
4606	Frag: eine Limonade	4606.wav	can i have the seven nights 
4607	Frag: ein Steak	4607.wav	can i have the bill
4608	Frag: mein Steak rare	4608.wav	i like my steak rare
4609	Frag: etwas Knoblauchbrot	4609.wav	can i have a    a hairdresser
4610	Frag: etwas Knoblauchbrot	4610.wav	can i have a  ***  hairs dresser
4611	Frag: etwas Knoblauchbrot	4611.wav	can i have a room for four nights
4612	Sag: Dies ist nicht was ich bestellt habe	4612.wav	this is not what white i    card 
4613	Frag: Ich möchte die Dessertkarte	4613.wav	can i have the dessert menu
4614	Frag: Ich möchte die Dessertkarte	4614.wav	can i have the dessert menu pool 
4615	Frag: Ich möchte die Dessertkarte	4615.wav	can i have the    ***    swimming pool 
4617	Frag: Zitronenkuchen	4617.wav	i would like a citron cake
4618	Frag: Zitronenkuchen	4618.wav	i would like the tenth a water
4619	Frag: Ich möchte die Rechnung	4619.wav	can i have the bill
4620	Sag: Ich möchte mit Kreditkarte bezahlen	4620.wav	i like to pay with credit card
4621	Sag: Ich möchte mit Kreditkarte bezahlen	4621.wav	i would like to pay with credit card
4622	Frag: Wo ist die National Gallery?	4622.wav	where is the national gallery
4623	Frag: Wo ist Piccadilly Circus?	4623.wav	where is the piccadilly circus
4624	Frag: Wo ist Piccadilly Circus?	4624.wav	could you give room for two to piccadilly circus
4625	Frag: Welcher Bus fährt dorthin?	4625.wav	which bus can i   am 
4627	Frag: Wo ist das Science Museum?	4627.wav	where is the science museum
4628	Frag: Wo ist das London Eye?	4628.wav	where is the london  ***
4629	Frag: Welcher Bus fährt dorthin?	4629.wav	which bus can  ***  nights
4630	Sag: Der Tower ist nahe der Tower Bridge	4630.wav	the tower is near  ***  tower bridge
4631	Sag: Ich weiss es nicht	4631.wav	i don't not
4632	Sag: Ich muss gehen	4632.wav	***   i'd like to go
4634	Frag: Wo ist das Science Museum?	4634.wav	where is the science museum
4635	Sag: Marble Arch ist gegenüber dem Hyde Park	4635.wav	the    ***    ***  ***    ***   dessert card card
4636	Sag: Marble Arch ist gegenüber dem Hyde Park	4636.wav	can marble arch room
4637	Sag: Marble Arch ist gegenüber dem Hyde Park	4637.wav	hamburger arch can i   want to hyde park
4638	Frag: Wo ist das British Museum?	4638.wav	where is the british museum
4639	Frag: Wo ist das British Museum?	4639.wav	where is the boots museum
4640	Frag: Wo ist Big Ben?	4640.wav	where is the  ***  bill
4641	Frag: Welcher Bus fährt dorthin?	4641.wav	which bus can i   pay
4642	Sag: Saint Pauls Cathedral ist nahe der Bank of England	4642.wav	the saint pauls cathedral is near to  ***  bank of england
4643	Frag: Wo ist das Science Museum?	4643.wav	where is the science museum
4644	Frag: Wo ist der Tower?	4644.wav	where is  ***   card
4645	Frag: Wo ist der Tower?	4645.wav	where is the tower
4646	Frag: Wo ist der Tower?	4646.wav	where is  ***   paul
4647	Sag: Saint Pauls Cathedral ist nahe der Bank of England	4647.wav	the i'm card of austria is near to  ***  bank of england
4649	Frag: Sandalen	4649.wav	i would like some 
4651	Frag: rote Sandalen	4651.wav	i would like white sandals
4652	Frag: Grösse 39	4652.wav	 i want to london  
4653	Frag: Jeans	4653.wav	can i have two 
4654	Frag: pinkige Jeans	4654.wav	i would like some jeans
4656	Frag: Wie viel kostet die Jeans?	4656.wav	how much are  ***   too 
4657	Frag: Wie viel kostet die Jeans?	4657.wav	how much does the gym have
4658	Sag: Dies ist zu teuer	4658.wav	this is too expensive
4659	Sag: Mir geht es gut	4659.wav	i'm fine
4660	Frag: Stiefel	4660.wav	i would like boots
4661	Frag: blaue Stiefel	4661.wav	i would like blue boots
4662	Frag: Grösse 37	4662.wav	thirty seven   
4663	Frag: ein Hemd	4663.wav	can i have a shirt
4664	Frag: ein gelbes Hemd	4664.wav	i would like a yellow shirt
4667	Frag: eine L	4667.wav	i am a   bar 
4668	Frag: Wie viel kostet es?	4668.wav	how much does the card
4669	Sag: Das Hemd ist zu teuer	4669.wav	 a shirt is too expensive
4670	Frag: Zimmer für 5 Nächte	4670.wav	can i have a room for five nights
4671	Frag: Suite	4671.wav	***  i am a suite
4672	Sag: Ich möchte mit Kreditkarte bezahlen	4672.wav	can i  ***  will credit card
4673	Frag: Gibt es einen Coiffeur?	4673.wav	is there a hairdresser
4674	Frag: Wo ist der Coiffeur?	4674.wav	 my name is the hairdresser
4675	Frag: Wo ist der Coiffeur?	4675.wav	where is the hairdresser
4676	Frag: Wo ist der Coiffeur?	4676.wav	can  ***   ***   i would like to the hairdresser
4677	Frag: Zimmer für 1 Woche	4677.wav	can i haven't a room for one room
4678	Frag: Doppelzimmer	4678.wav	can i have  ***     i have a room
4679	Frag: Doppelzimmer	4679.wav	can i have a double room
4680	Frag: Doppelzimmer	4680.wav	can i have a double room
4681	Sag: Ich möchte mit Mastercard bezahlen	4681.wav	can i  ***   my mastercard
4682	Frag: Gibt es einen Lift?	4682.wav	is there a room
4683	Frag: Gibt es einen Lift?	4683.wav	is there a     room  
4684	Frag: Gibt es einen Lift?	4684.wav	is there a lift
4685	Frag: ein Ticket nach London	4685.wav	***  i have a ticket to london
4686	Sag: Ich möchte um 22 Uhr morgen abreisen	4686.wav	 i want to leave tomorrow at ten o'clock p    m
4687	Sag: Ich heisse John	4687.wav	my name is john
4688	Sag: Ich bin aus Italien	4688.wav	i am from switzerland
4689	Frag: 4 Tickets nach London	4689.wav	can i have four tickets to london
4690	Sag: Ich möchte am Mittwochabend abreisen	4690.wav	 i like to leave at wednesday night
4691	Sag: Ich möchte am Mittwochabend abreisen	4691.wav	i like to leave at wednesday evening
4692	Sag: Ich möchte am Mittwochabend abreisen	4692.wav	i like to leave at wednesday night
4693	Sag: Ich heisse Janet	4693.wav	***   ***  i'm fine
4694	Sag: Ich bin aus Italien	4694.wav	i'm from england
4695	Sag: Ich bin aus Italien	4695.wav	***  i'm from tu 
4696	Frag: 3 Tickets nach London	4696.wav	can i have three tickets to london
4697	Sag: Ich möchte am Sonntag abreisen	4697.wav	i like to leave at sunday
4698	Sag: Ich heisse Paolo	4698.wav	my name is paolo
4699	Sag: Ich bin aus der Schweiz	4699.wav	i am from switzerland
4700	Sag: Ich heisse Sarah	4700.wav	my name is sarah
4701	Sag: Ich bin aus Portugal	4701.wav	i have a hotel bar  
3729	Sag: Ich möchte mit Kreditkarte bezahlen	3729.wav	 i don't note
4185	Sag: Ich habe keine Reservation	4185.wav	 i don't know 
4243	Sag: Ich habe keine Reservation	4243.wav	***  row euros hotel bar 
4245	Sag: Ich habe keine Reservation	4245.wav	you are a   room 
4246	Sag: Ich habe keine Reservation	4246.wav	the apple pie  
4248	Sag: Ich habe keine Reservation	4248.wav	where is there a      like to london
4249	Sag: Ich habe keine Reservation	4249.wav	     ***      ***  ***   ***  cirque are there a 
4388	Sag: Ich habe keine Reservation	4388.wav	***   can buy for the silver level
4394	Sag: Ich habe keine Reservation	4394.wav	the can i    want a   soap of the silver level
4395	Sag: Ich habe keine Reservation	4395.wav	 do can i    got help at the silver level
4466	Sag: Ich habe keine Reservation	4466.wav	 i don't have a   room for the silver level
4551	Frag: ein Ticket für Freitagabend	4551.wav	***     ***       could you
