Id	Prompt	Wavfile
39535	Frag: Gibt es einen Coiffeur?	39535.wav
39538	Sag: Ich heisse Barbara	39538.wav
39539	Frag: 3 Tickets nach London	39539.wav
39540	Sag: Ich möchte um 14 Uhr morgen abreisen	39540.wav
39541	Sag: Ich heisse Mona	39541.wav
39547	Sag: Ich gehe in die Ferien	39547.wav
39549	Sag: Dies ist mein Pass	39549.wav
39550	Sag: Die Hauptstadt von Spanien ist Madrid	39550.wav
39551	Sag: Ich gehe in die Ferien	39551.wav
39555	Sag: Ich möchte mit Pfund bezahlen	39555.wav
39556	Frag: 1 Musical-Ticket	39556.wav
39559	Frag: den Sonntagsbraten	39559.wav
39561	Frag: Wo ist der Zoo?	39561.wav
39562	Frag: Wo ist Piccadilly Circus?	39562.wav
39563	Frag: Welcher Bus fährt dorthin?	39563.wav
39566	Frag: Stiefel	39566.wav
39567	Frag: rote Stiefel	39567.wav
39570	Frag: eine L	39570.wav
39572	Frag: Zimmer für 2 Nächte	39572.wav
39573	Sag: Ich möchte mit Kreditkarte bezahlen	39573.wav
39574	Frag: Einzelzimmer	39574.wav
39580	Frag: einen Hamburger	39580.wav
39583	Sag: Ich habe keine Reservation	39583.wav
39585	Sag: Ich habe keine Reservation	39585.wav
39586	Frag: Zimmer für 1 Woche	39586.wav
39588	Frag: 6 Tickets nach London	39588.wav
39590	Sag: Ich möchte um 8 Uhr morgen abreisen	39590.wav
39591	Sag: Ich heisse Erica	39591.wav
39596	Frag: Junior Suite	39596.wav
39597	Sag: Ich möchte mit Schweizer Franken bezahlen	39597.wav
39601	Frag: Gibt es ein Schwimmbad?	39601.wav
39605	Sag: Ich möchte mit Postkarte bezahlen	39605.wav
39609	Frag: Twinzimmer	39609.wav
39610	Sag: Ich möchte mit Kreditkarte bezahlen	39610.wav
39611	Frag: Wo ist das Hotelrestaurant?	39611.wav
39620	Sag: Ich habe keine Reservation	39620.wav
39624	Sag: Ich habe keine Reservation	39624.wav
39627	Sag: Ich heisse John	39627.wav
39628	Sag: Ich habe keine Reservation	39628.wav
39629	Frag: Zimmer für 5 Nächte	39629.wav
39630	Sag: Ich möchte mit Visa bezahlen	39630.wav
39632	Frag: Junior Suite	39632.wav
39634	Frag: Gibt es eine Hotelbar?	39634.wav
39635	Sag: Mein Zimmer ist dreckig	39635.wav
39636	Frag: einen Orangensaft	39636.wav
39639	Frag: Apfelkuchen	39639.wav
39641	Frag: Apfelkuchen	39641.wav
39642	Sag: Ich möchte mit Visa bezahlen	39642.wav
39648	Frag: Wie viel kostet es?	39648.wav
39649	Sag: Die Jeans ist zu teuer	39649.wav
39650	Frag: 2 Musical-Tickets	39650.wav
39652	Frag: ein Ticket für Mittwochabend	39652.wav
39655	Sag: Ich möchte in der fünften Reihe sitzen	39655.wav
39657	Frag: 2 Tickets	39657.wav
39658	Frag: Wo ist Piccadilly Circus?	39658.wav
39664	Sag: Ich möchte mit Mastercard bezahlen	39664.wav
39666	Frag: Twinzimmer	39666.wav
39667	Sag: Ich möchte mit Kreditkarte bezahlen	39667.wav
39671	Sag: Ich möchte mit Postkarte bezahlen	39671.wav
39672	Sag: Ich möchte mit Dollars bezahlen	39672.wav
39675	Frag: Zimmer für 4 Nächte	39675.wav
39677	Sag: Ich möchte mit Mastercard bezahlen	39677.wav
39678	Frag: Gibt es ein Fitnessstudio?	39678.wav
39682	Frag: 4 Tickets für Starlight Express	39682.wav
39684	Frag: ein Ticket nach Westminster	39684.wav
39687	Sag: Ich möchte mit Postkarte bezahlen	39687.wav
39690	Sag: Ich möchte mit Kreditkarte bezahlen	39690.wav
39694	Frag: ein Ticket zum Piccadilly Circus	39694.wav
39695	Frag: ein Ticket zum Piccadilly Circus	39695.wav
39701	Sag: Ich heisse Silvia	39701.wav
39702	Sag: Die Hauptstadt von Frankreich ist Paris	39702.wav
39703	Sag: Ich gehe in die Ferien	39703.wav
39704	Sag: Ich gehe in die Ferien	39704.wav
39707	Frag: Einzelzimmer	39707.wav
39708	Frag: Gibt es ein Hotelrestaurant?	39708.wav
39709	Sag: Ich habe keine Reservation	39709.wav
39710	Sag: Ich habe keine Reservation	39710.wav
39714	Frag: Zimmer für 1 Woche	39714.wav
39718	Frag: Haarföhn	39718.wav
39719	Frag: Zimmer für 4 Nächte	39719.wav
39720	Frag: Doppelzimmer	39720.wav
39721	Frag: Gibt es einen Coiffeur?	39721.wav
39722	Frag: Zimmer für 2 Nächte	39722.wav
39726	Sag: Ich bin aus der Türkei	39726.wav
39727	Sag: Ich habe 3 ältere Schwestern	39727.wav
39728	Sag: Ich habe 3 ältere Schwestern	39728.wav
39729	Sag: Ich gehe in die Ferien	39729.wav
39732	Sag: Ich bin aus Irland	39732.wav
39740	Sag: Ich bin aus Österreich	39740.wav
39741	Sag: Ich habe 3 ältere Brüder	39741.wav
39742	Sag: Ich gehe in die Ferien	39742.wav
39744	Frag: Zimmer für 1 Woche	39744.wav
39747	Sag: Ich habe keine Reservation	39747.wav
39750	Sag: Ich habe keine Reservation	39750.wav
39751	Sag: Ich bin aus Spanien	39751.wav
39752	Sag: Spanien ist in Europa	39752.wav
39754	Sag: Ich habe 3 Brüder	39754.wav
39756	Sag: Dies ist mein Pass	39756.wav
39758	Sag: Ich bin aus Frankreich	39758.wav
39759	Sag: Die Hauptstadt von Frankreich ist Paris	39759.wav
39763	Sag: Ich heisse Stephanie	39763.wav
39764	Sag: Deutschland ist nicht in Afrika	39764.wav
39767	Sag: Ich gehe in die Ferien	39767.wav
39768	Sag: Ich gehe in die Ferien	39768.wav
39769	Sag: Ich heisse Andy	39769.wav
39770	Sag: Ich bin aus England	39770.wav
39772	Sag: Ich bin aus der Schweiz	39772.wav
39774	Sag: Die Hauptstadt von der Schweiz ist Bern	39774.wav
39777	Sag: Dies ist mein Pass	39777.wav
39779	Frag: Zimmer für 5 Nächte	39779.wav
39782	Sag: Ich habe keine Reservation	39782.wav
39785	Sag: Ich habe keine Reservation	39785.wav
39787	Sag: Ich heisse Silvia	39787.wav
39789	Sag: Ich bin aus der Schweiz	39789.wav
39791	Sag: Ich gehe in die Ferien	39791.wav
39792	Sag: Dies ist mein Pass	39792.wav
39794	Sag: Die Hauptstadt von der Türkei ist Ankara	39794.wav
39795	Sag: Ich habe 2 jüngere Schwestern	39795.wav
39798	Sag: Dies ist mein Pass	39798.wav
39801	Sag: Italien ist in Europa	39801.wav
39802	Sag: Die Hauptstadt von Italien ist Rom	39802.wav
39803	Sag: Ich habe 3 ältere Schwestern	39803.wav
39804	Sag: Dies ist mein Pass	39804.wav
39806	Frag: 3 Musical-Tickets	39806.wav
39807	Frag: 3 Musical-Tickets	39807.wav
39808	Frag: 3 Tickets für Billy Elliot	39808.wav
39809	Frag: 3 Tickets für Billy Elliot	39809.wav
39810	Sag: Ich möchte in der neunten Reihe sitzen	39810.wav
39812	Frag: Zimmer für 6 Nächte	39812.wav
39813	Sag: Ich möchte mit Kreditkarte bezahlen	39813.wav
39817	Frag: Zimmer für 6 Nächte	39817.wav
39823	Sag: Ich möchte mit Mastercard bezahlen	39823.wav
39824	Sag: Ich möchte mit Mastercard bezahlen	39824.wav
39825	Frag: Gibt es einen Lebensmittelladen?	39825.wav
39826	Frag: Gibt es einen Lebensmittelladen?	39826.wav
39827	Sag: Ich habe keine Reservation	39827.wav
39831	Frag: ein Ticket zum Green Park	39831.wav
39832	Sag: Ich möchte mit Visa bezahlen	39832.wav
39833	Frag: Zimmer für 3 Nächte	39833.wav
39834	Frag: Twinzimmer	39834.wav
39836	Frag: Gibt es einen Coiffeur?	39836.wav
39840	Frag: Wo ist die Hotelbar?	39840.wav
39841	Sag: Im Zimmer hat es keinen Haarföhn	39841.wav
39842	Frag: Einzelzimmer	39842.wav
39846	Sag: Ich habe keine Reservation	39846.wav
39849	Frag: Wo ist der Lift?	39849.wav
39850	Sag: Im Zimmer hat es keinen Haarföhn	39850.wav
39854	Sag: Ich habe keine Reservation	39854.wav
39855	Frag: Einzelzimmer	39855.wav
39856	Sag: Ich möchte mit Kreditkarte bezahlen	39856.wav
39857	Frag: Gibt es eine Hotelbar?	39857.wav
39859	Sag: Ich möchte mit Postkarte bezahlen	39859.wav
39860	Frag: Gibt es einen Lebensmittelladen?	39860.wav
39861	Frag: Wo ist der Lebensmittelladen?	39861.wav
39862	Sag: Ich habe keine Reservation	39862.wav
39863	Frag: Zimmer für 6 Nächte	39863.wav
39864	Frag: Einzelzimmer	39864.wav
39866	Sag: Das Badezimmer ist dreckig	39866.wav
39867	Sag: Im Zimmer hat es kein Shampoo	39867.wav
39869	Frag: Zimmer für 3 Nächte	39869.wav
39871	Frag: Wo ist der Coiffeur?	39871.wav
39872	Sag: Das Zimmer ist dreckig	39872.wav
39875	Frag: Junior Suite	39875.wav
39876	Frag: Gibt es ein Fitnessstudio?	39876.wav
39877	Frag: 6 Tickets nach London	39877.wav
39878	Sag: Ich heisse Andrew	39878.wav
39879	Frag: 2 Tickets nach London	39879.wav
39880	Sag: Ich möchte um 15 Uhr morgen abreisen	39880.wav
39881	Sag: Ich möchte um 15 Uhr morgen abreisen	39881.wav
39882	Sag: Ich bin aus der Türkei	39882.wav
39885	Frag: billigeres Ticket	39885.wav
39886	Sag: Ich bin aus Australien	39886.wav
39887	Sag: Ich möchte am Mittwochabend abreisen	39887.wav
39888	Sag: Ich bin aus Frankreich	39888.wav
39890	Sag: Ich heisse John	39890.wav
39891	Sag: Ich bin aus Australien	39891.wav
39894	Frag: 5 Tickets nach London	39894.wav
39897	Sag: Ich heisse Erica	39897.wav
39898	Frag: 5 Tickets nach London	39898.wav
39899	Sag: Ich möchte am Donnerstag abreisen	39899.wav
39901	Frag: 5 Tickets nach London	39901.wav
39902	Sag: Ich heisse Barbara	39902.wav
39904	Sag: Ich heisse Patrick	39904.wav
39905	Sag: Die Hauptstadt von der Schweiz ist Bern	39905.wav
39906	Sag: Ich habe 3 Schwestern	39906.wav
39912	Sag: Ich heisse Andrew	39912.wav
39913	Sag: Ich bin aus Irland	39913.wav
39915	Frag: eine Limonade	39915.wav
39916	Frag: meinen Hamburger rare	39916.wav
39920	Frag: eine Limonade	39920.wav
39922	Frag: Bohnen	39922.wav
39923	Frag: Schokoladenglace	39923.wav
39925	Frag: ein Steak	39925.wav
39930	Frag: Ich möchte die Dessertkarte	39930.wav
39934	Frag: ein Wasser ohne Kohlensäure	39934.wav
39937	Frag: Ich möchte die Dessertkarte	39937.wav
39938	Frag: Ich möchte die Rechnung	39938.wav
39941	Frag: ein Wasser ohne Kohlensäure	39941.wav
39942	Frag: mein Steak blau	39942.wav
39943	Frag: Ich möchte die Dessertkarte	39943.wav
39945	Sag: Ich möchte mit Kreditkarte bezahlen	39945.wav
39948	Frag: einen gemischten Salat	39948.wav
39950	Frag: Ich möchte die Rechnung	39950.wav
39951	Frag: einen Kaffee	39951.wav
39952	Frag: mein Steak durchgebraten	39952.wav
39953	Sag: Dies ist nicht was ich bestellt habe	39953.wav
39954	Sag: Eine Reduzierung ist akzeptabel	39954.wav
39958	Frag: Wo ist Madame Tussauds?	39958.wav
39960	Frag: Wo ist das British Museum?	39960.wav
39963	Sag: Ich muss gehen	39963.wav
39964	Sag: Ich muss gehen	39964.wav
39965	Frag: Wo ist das London Eye?	39965.wav
39968	Frag: Wo ist Big Ben?	39968.wav
39972	Sag: Ich habe keine Reservation	39972.wav
39973	Frag: Suite	39973.wav
39974	Frag: Wo ist das Science Museum?	39974.wav
39977	Frag: Wo ist das London Eye?	39977.wav
39979	Frag: Wo ist Big Ben?	39979.wav
39982	Frag: Wo ist die National Gallery?	39982.wav
39984	Frag: Wo ist der Zoo?	39984.wav
39986	Sag: Saint Pauls Cathedral ist nahe der Bank of England	39986.wav
39988	Sag: Ich bin aus Kanada	39988.wav
39990	Sag: Die Hauptstadt von der Türkei ist Ankara	39990.wav
39993	Frag: Zimmer für 4 Nächte	39993.wav
39994	Sag: Mir geht es gut	39994.wav
39996	Frag: weisse Stiefel	39996.wav
39998	Frag: Jeans	39998.wav
39999	Frag: grüne Jeans	39999.wav
40000	Frag: Wie viel kostet es?	40000.wav
40001	Frag: Wie viel kostet es?	40001.wav
40003	Sag: Ich habe keine Reservation	40003.wav
40005	Sag: Ich habe keine Reservation	40005.wav
40006	Frag: Zimmer für 5 Nächte	40006.wav
40007	Sag: Ich möchte mit Postkarte bezahlen	40007.wav
40012	Frag: Gibt es einen Lift?	40012.wav
40015	Sag: Ich möchte um 22 Uhr morgen abreisen	40015.wav
40017	Sag: Ich bin aus Frankreich	40017.wav
40019	Frag: 2 Tickets nach London	40019.wav
40020	Sag: Ich möchte am Donnerstagnachmittag abreisen	40020.wav
40021	Sag: Ich heisse Erica	40021.wav
40022	Sag: Ich bin aus Portugal	40022.wav
40023	Frag: ein Ticket zum Green Park	40023.wav
40024	Frag: ein Ticket zum Green Park	40024.wav
40027	Frag: ein Ticket zum Green Park	40027.wav
40028	Sag: Ich möchte mit Mastercard bezahlen	40028.wav
40030	Frag: Twinzimmer	40030.wav
40033	Sag: Das Zimmer ist dreckig	40033.wav
40036	Frag: Wo kann ich einen Haarföhn kaufen?	40036.wav
40037	Sag: Ich heisse James	40037.wav
40040	Sag: Ich habe 4 jüngere Schwestern	40040.wav
40045	Sag: Ich habe keine Reservation	40045.wav
40046	Sag: Ich habe keine Reservation	40046.wav
40051	Frag: Zimmer für 6 Nächte	40051.wav
40052	Frag: Zimmer für 6 Nächte	40052.wav
40053	Frag: Zimmer für 3 Nächte	40053.wav
40054	Sag: Ich möchte mit Visa bezahlen	40054.wav
40055	Sag: Ich möchte am Sonntagmorgen abreisen	40055.wav
40056	Frag: billiges Ticket	40056.wav
40059	Sag: Ich heisse Maddalena	40059.wav
40060	Sag: Die Hauptstadt von Österreich ist Wien	40060.wav
40061	Sag: Ich gehe in die Ferien	40061.wav
40065	Sag: Ich habe eine ältere Schwester	40065.wav
40066	Sag: Dies ist mein Pass	40066.wav
40067	Frag: Wo ist die Oxford Street?	40067.wav
40068	Sag: Ich muss gehen	40068.wav
40069	Frag: den Sonntagsbraten	40069.wav
40071	Frag: Custard Tart	40071.wav
40073	Frag: Twinzimmer	40073.wav
40074	Frag: Gibt es einen Coiffeur?	40074.wav
40075	Frag: Wo ist der Coiffeur?	40075.wav
40077	Sag: Im Zimmer hat es kein Duschgel	40077.wav
40078	Frag: Grösse 43	40078.wav
40079	Frag: ein Hemd	40079.wav
40080	Frag: eine L	40080.wav
40081	Sag: Das Hemd ist zu teuer	40081.wav
40084	Frag: Wo ist der Tower?	40084.wav
40085	Sag: Marble Arch ist gegenüber dem Hyde Park	40085.wav
40087	Sag: Ich möchte mit Postkarte bezahlen	40087.wav
40088	Frag: Zimmer für 3 Nächte	40088.wav
40089	Sag: Ich möchte mit Postkarte bezahlen	40089.wav
40090	Sag: Das WC ist dreckig	40090.wav
40092	Frag: 4 Musical-Tickets	40092.wav
40094	Frag: Zimmer für 5 Nächte	40094.wav
40096	Frag: Gibt es einen Lift?	40096.wav
40097	Frag: Zimmer für 7 Nächte	40097.wav
40098	Sag: Ich möchte mit Kreditkarte bezahlen	40098.wav
40101	Sag: Ich bin aus England	40101.wav
40103	Sag: Ich möchte um 19 Uhr morgen abreisen	40103.wav
40104	Sag: Ich bin aus Deutschland	40104.wav
40105	Sag: Ich möchte am Montagnachmittag abreisen	40105.wav
40108	Frag: Wie viel kostet es?	40108.wav
40109	Frag: billigeres Ticket	40109.wav
40110	Frag: ein Ticket nach London	40110.wav
40114	Sag: Ich habe 3 Brüder	40114.wav
40116	Sag: Dies ist mein Pass	40116.wav
40117	Sag: Ich heisse Brian	40117.wav
40120	Sag: Dies ist mein Pass	40120.wav
40122	Sag: Ich bin aus der Türkei	40122.wav
40123	Sag: Ich habe 2 Brüder	40123.wav
40124	Sag: Dies ist mein Pass	40124.wav
40125	Sag: Ich bin aus der Schweiz	40125.wav
40126	Sag: Die Schweiz ist in Europa	40126.wav
40127	Sag: Ich habe eine ältere Schwester	40127.wav
40128	Sag: Dies ist mein Pass	40128.wav
40130	Sag: Ich bin aus Italien	40130.wav
40132	Sag: Ich habe 4 jüngere Schwestern	40132.wav
40133	Sag: Dies ist mein Pass	40133.wav
40136	Sag: Dies ist mein Pass	40136.wav
40138	Sag: Ich heisse Mona	40138.wav
40140	Sag: Ich heisse Silvia	40140.wav
40141	Sag: Portugal ist nicht in Afrika	40141.wav
40143	Sag: Ich habe 3 Schwestern	40143.wav
40144	Sag: Dies ist mein Pass	40144.wav
40146	Sag: Ich möchte mit Pfund bezahlen	40146.wav
40147	Frag: Wo ist der Geldautomat?	40147.wav
40149	Sag: Ich habe kleinere Note	40149.wav
40152	Frag: ein Ticket nach Westminster	40152.wav
40155	Sag: Ich möchte mit Euros bezahlen	40155.wav
40158	Sag: Ich möchte mit Kreditkarte bezahlen	40158.wav
40159	Sag: Ich möchte mit Kreditkarte bezahlen	40159.wav
40160	Sag: Ich möchte am Mittwochabend gehen	40160.wav
40161	Sag: Ich möchte in der vierten Reihe sitzen	40161.wav
40163	Frag: ein Ticket für Samstagabend	40163.wav
40167	Frag: ein Ticket für Mamma Mia	40167.wav
40168	Sag: Ich möchte in der zehnten Reihe sitzen	40168.wav
40170	Frag: 2 Tickets für König der Löwen	40170.wav
40173	Sag: Ich möchte am Donnerstagabend gehen	40173.wav
40174	Sag: Ich möchte in der zehnten Reihe sitzen	40174.wav
40175	Frag: 2 Musical-Tickets	40175.wav
40178	Sag: Ich möchte in der fünften Reihe sitzen	40178.wav
40179	Frag: 2 Tickets	40179.wav
40181	Frag: Tickets für das London Eye	40181.wav
40182	Frag: eine Fanta	40182.wav
40183	Frag: meinen Hamburger durchgebraten	40183.wav
40184	Sag: Dies ist nicht was ich bestellt habe	40184.wav
40185	Frag: Ich möchte die Dessertkarte	40185.wav
40186	Frag: Ich möchte die Rechnung	40186.wav
40187	Frag: ein Wasser ohne Kohlensäure	40187.wav
40189	Frag: Ich möchte die Dessertkarte	40189.wav
40190	Frag: Ich möchte die Rechnung	40190.wav
40192	Frag: eine Limonade	40192.wav
40196	Frag: eine Cola	40196.wav
40201	Frag: Wo ist der Tower?	40201.wav
40202	Sag: Es ist nahe der Bank of England	40202.wav
40204	Frag: Wo ist die Tate Modern?	40204.wav
40207	Frag: weisse Stiefel	40207.wav
40208	Frag: ein Sweatshirt	40208.wav
40209	Frag: eine L	40209.wav
40211	Sag du möchtest nicht: dieses Sweatshirt	40211.wav
40212	Sag, dass du es nicht möchtest	40212.wav
40213	Sag: Ich habe keine Reservation	40213.wav
40214	Sag: Ich habe keine Reservation	40214.wav
40215	Sag: Ich habe keine Reservation	40215.wav
40216	Sag: Ich habe keine Reservation	40216.wav
40217	Sag: Ich habe keine Reservation	40217.wav
40220	Sag: Ich möchte mit Visa bezahlen	40220.wav
40223	Frag: 6 Tickets nach London	40223.wav
40225	Sag: Ich bin aus Österreich	40225.wav
40226	Sag: Ich heisse Andy	40226.wav
40229	Sag: Ich habe eine ältere Schwester	40229.wav
40231	Sag: Dies ist mein Pass	40231.wav
40232	Sag: Dies ist mein Pass	40232.wav
40233	Frag: ein Ticket nach Notting Hill	40233.wav
40234	Sag: Ich möchte mit Postkarte bezahlen	40234.wav
40235	Sag: Ich möchte mit Postkarte bezahlen	40235.wav
40237	Frag: ein Ticket für Starlight Express	40237.wav
40238	Sag: Ich möchte vorne sitzen	40238.wav
40241	Frag: eine Limonade	40241.wav
40243	Frag: Erbsen	40243.wav
40244	Frag: Ich möchte die Dessertkarte	40244.wav
40245	Frag: Wo ist das Naturhistorische Museum?	40245.wav
40246	Frag: Sandalen	40246.wav
40248	Frag: ein Hemd	40248.wav
40250	Sag: Mir geht es gut	40250.wav
40251	Frag: Grösse 37	40251.wav
40252	Frag: ein Hemd	40252.wav
40254	Frag: Wie viel kostet es?	40254.wav
40257	Frag: Sandalen	40257.wav
40258	Frag: ein Sweatshirt	40258.wav
40261	Frag: Wo ist der Tower?	40261.wav
40262	Frag: Welcher Bus fährt dorthin?	40262.wav
40263	Sag: Ich habe keine Reservation	40263.wav
40264	Sag: Mir geht es gut	40264.wav
40265	Frag: Grösse 40	40265.wav
40266	Frag: ein T-Shirt	40266.wav
40268	Frag: Wie viel kostet es?	40268.wav
40273	Sag: Dies ist zu teuer	40273.wav
40274	Sag: Mir geht es gut	40274.wav
40276	Frag: Ich möchte die Dessertkarte	40276.wav
40277	Frag: Ich möchte die Rechnung	40277.wav
40278	Sag: Ich bin aus Amerika	40278.wav
40283	Sag: Dies ist mein Pass	40283.wav
40284	Frag: ein Ticket zum Green Park	40284.wav
40285	Sag: Ich möchte mit Dollars bezahlen	40285.wav
40287	Frag: Wo ist das Naturhistorische Museum?	40287.wav
40290	Frag: Einzelzimmer	40290.wav
40292	Sag: Ich möchte mit Postkarte bezahlen	40292.wav
40293	Frag: Gibt es einen Lebensmittelladen?	40293.wav
40294	Sag: Das WC ist dreckig	40294.wav
40295	Sag: Ich habe keine Reservation	40295.wav
40296	Frag: Junior Suite	40296.wav
40297	Sag: Ich möchte mit Kreditkarte bezahlen	40297.wav
40298	Sag: Ich möchte mit Schweizer Franken bezahlen	40298.wav
40300	Frag: Twinzimmer	40300.wav
40301	Frag: Wo ist das Schwimmbad?	40301.wav
40303	Frag: ein Ticket für Mamma Mia	40303.wav
40304	Sag: Ich habe keine Reservation	40304.wav
40305	Frag: Zimmer für 4 Nächte	40305.wav
40306	Sag: Ich möchte mit Mastercard bezahlen	40306.wav
40308	Sag: Ich möchte mit Postkarte bezahlen	40308.wav
40310	Sag: Ich möchte mit Visa bezahlen	40310.wav
40311	Sag: Italien ist nicht in Afrika	40311.wav
40312	Sag: Die Hauptstadt von Italien ist Rom	40312.wav
40313	Frag: 4 Tickets nach London	40313.wav
40315	Sag: Ich möchte um 14 Uhr morgen abreisen	40315.wav
40316	Sag: Ich heisse Sarah	40316.wav
40318	Sag: Ich habe keine Reservation	40318.wav
40320	Sag: Ich habe keine Reservation	40320.wav
40322	Frag: Zimmer für 1 Woche	40322.wav
40323	Frag: Doppelzimmer	40323.wav
40326	Sag: Ich möchte mit Schweizer Franken bezahlen	40326.wav
40327	Frag: Wo ist das Fitnessstudio?	40327.wav
40329	Sag: Ich bin aus Kanada	40329.wav
40331	Frag: ein Ticket zum Green Park	40331.wav
40333	Frag: Wo ist das London Eye?	40333.wav
40335	Sag: Es ist nahe der Bank of England	40335.wav
40336	Frag: Wo ist die National Gallery?	40336.wav
40338	Frag: Wo ist Madame Tussauds?	40338.wav
40339	Sag: Saint Pauls Cathedral ist nahe der Bank of England	40339.wav
40340	Sag: Saint Pauls Cathedral ist nahe der Bank of England	40340.wav
40341	Sag: Mir geht es gut	40341.wav
40342	Frag: Stiefel	40342.wav
40343	Frag: Stiefel	40343.wav
40344	Frag: blaue Stiefel	40344.wav
40345	Frag: blaue Stiefel	40345.wav
40346	Frag: Grösse 39	40346.wav
40347	Frag: ein Sweatshirt	40347.wav
40349	Frag: ein grünes Sweatshirt	40349.wav
40351	Frag: Wie viel kostet das Sweatshirt?	40351.wav
40354	Frag: Zimmer für 6 Nächte	40354.wav
40355	Frag: Einzelzimmer	40355.wav
40356	Sag: Ich möchte mit Visa bezahlen	40356.wav
40359	Frag: Gibt es ein Hotelrestaurant?	40359.wav
40360	Frag: Gibt es ein Hotelrestaurant?	40360.wav
40362	Frag: ein Ticket zum Trafalgar Square	40362.wav
40365	Sag: Ich möchte mit Kreditkarte bezahlen	40365.wav
40366	Frag: Gibt es ein Hotelrestaurant?	40366.wav
40367	Frag: Zimmer für 5 Nächte	40367.wav
40368	Frag: Suite	40368.wav
40369	Frag: Suite	40369.wav
40374	Frag: Junior Suite	40374.wav
40375	Frag: Gibt es einen Lebensmittelladen?	40375.wav
40377	Sag: Ich bin aus Deutschland	40377.wav
40378	Sag: Ich heisse Patrick	40378.wav
40382	Sag: Ich gehe in die Ferien	40382.wav
40384	Frag: ein Ticket nach Notting Hill	40384.wav
40386	Frag: 3 Musical-Tickets	40386.wav
40387	Sag: Ich möchte am Donnerstagabend gehen	40387.wav
40388	Sag: Ich möchte am Donnerstagabend gehen	40388.wav
40389	Sag: Ich möchte in der vierten Reihe sitzen	40389.wav
40390	Frag: ein Wasser ohne Kohlensäure	40390.wav
40391	Frag: mein Steak durchgebraten	40391.wav
40393	Frag: Ich möchte die Dessertkarte	40393.wav
40394	Frag: Wo ist Big Ben?	40394.wav
40396	Sag: Mir geht es gut	40396.wav
40397	Frag: weisse Stiefel	40397.wav
40398	Frag: Grösse 38	40398.wav
40401	Frag: Wie viel kostet es?	40401.wav
40402	Sag: Die Jeans ist zu teuer	40402.wav
40404	Frag: Gibt es ein Fitnessstudio?	40404.wav
40406	Frag: Einzelzimmer	40406.wav
40408	Frag: Zimmer für 7 Nächte	40408.wav
40409	Sag: Ich möchte mit Kreditkarte bezahlen	40409.wav
40410	Frag: Wo ist das Fitnessstudio?	40410.wav
40411	Sag: Ich möchte um 15 Uhr morgen abreisen	40411.wav
40412	Sag: Ich heisse Sarah	40412.wav
40413	Frag: ein Ticket nach London	40413.wav
40414	Sag: Ich möchte um 13 Uhr morgen abreisen	40414.wav
40417	Sag: Ich möchte um 16 Uhr morgen abreisen	40417.wav
40419	Sag: Ich bin aus Deutschland	40419.wav
40421	Sag: Ich habe einen älteren Bruder	40421.wav
40423	Frag: Zimmer für 3 Nächte	40423.wav
40425	Sag: Ich möchte mit Mastercard bezahlen	40425.wav
40426	Frag: Gibt es ein Hotelrestaurant?	40426.wav
40427	Frag: Zimmer für 7 Nächte	40427.wav
40428	Sag: Ich möchte mit Visa bezahlen	40428.wav
40429	Frag: Gibt es eine Hotelbar?	40429.wav
40430	Frag: ein Ticket nach London	40430.wav
40433	Sag: Ich möchte am Sonntag abreisen	40433.wav
40434	Sag: Ich bin aus Portugal	40434.wav
40435	Sag: Ich heisse Silvia	40435.wav
40436	Sag: Die Hauptstadt von Spanien ist Madrid	40436.wav
40438	Sag: Ich habe 3 Brüder	40438.wav
40445	Frag: 4 Musical-Tickets	40445.wav
40446	Frag: 4 Musical-Tickets	40446.wav
40447	Sag: Ich möchte am Freitagabend gehen	40447.wav
40448	Frag: 4 Tickets für das Phantom der Oper	40448.wav
40449	Sag: Ich möchte vorne sitzen	40449.wav
40450	Sag: Ich möchte vorne sitzen	40450.wav
40451	Frag: Tickets für das British Museum	40451.wav
40453	Frag: eine Cola	40453.wav
40457	Frag: Ich möchte die Dessertkarte	40457.wav
40459	Frag: Welcher Bus fährt dorthin?	40459.wav
40460	Sag: Mir geht es gut	40460.wav
40462	Frag: weisse Stiefel	40462.wav
40464	Frag: Grösse 40	40464.wav
40465	Frag: ein Sweatshirt	40465.wav
40467	Frag: eine L	40467.wav
40469	Frag: Wie viel kostet es?	40469.wav
40477	Frag: Wo ist Piccadilly Circus?	40477.wav
40478	Sag: Saint Pauls Cathedral ist nahe der Bank of England	40478.wav
40481	Sag: Es ist nahe der Bank of England	40481.wav
40482	Frag: Wo ist die National Gallery?	40482.wav
40485	Frag: Welcher Bus fährt dorthin?	40485.wav
40486	Frag: Wo ist das Naturhistorische Museum?	40486.wav
40488	Sag: Marble Arch ist gegenüber dem Hyde Park	40488.wav
40489	Sag: Marble Arch ist gegenüber dem Hyde Park	40489.wav
40490	Frag: Wo ist das British Museum?	40490.wav
40491	Frag: Wo ist die Oxford Street?	40491.wav
40492	Frag: Wo ist die Oxford Street?	40492.wav
40494	Frag: Zimmer für 2 Nächte	40494.wav
40496	Frag: Gibt es eine Hotelbar?	40496.wav
40497	Frag: Zimmer für 7 Nächte	40497.wav
40498	Sag: Ich möchte mit Kreditkarte bezahlen	40498.wav
40499	Sag: Ich möchte mit Dollars bezahlen	40499.wav
40501	Sag: Ich möchte mit Kreditkarte bezahlen	40501.wav
40502	Frag: Gibt es einen Lift?	40502.wav
40503	Frag: Zimmer für 2 Nächte	40503.wav
40504	Frag: Einzelzimmer	40504.wav
40505	Frag: Zimmer für 3 Nächte	40505.wav
40506	Frag: Einzelzimmer	40506.wav
40507	Sag: Ich möchte mit Visa bezahlen	40507.wav
40509	Frag: Gibt es einen Lebensmittelladen?	40509.wav
40510	Frag: Zimmer für 3 Nächte	40510.wav
40511	Frag: Doppelzimmer	40511.wav
40515	Frag: Twinzimmer	40515.wav
40517	Sag: Ich möchte mit Kreditkarte bezahlen	40517.wav
40519	Frag: Zimmer für 5 Nächte	40519.wav
40520	Sag: Ich möchte mit Dollars bezahlen	40520.wav
40527	Frag: 4 Tickets nach London	40527.wav
40528	Sag: Ich möchte um 12 Uhr morgen abreisen	40528.wav
40530	Frag: 5 Tickets nach London	40530.wav
40532	Sag: Ich heisse Barbara	40532.wav
40534	Frag: ein Ticket nach London	40534.wav
40535	Sag: Ich heisse Sarah	40535.wav
40537	Frag: 2 Musical-Tickets	40537.wav
40539	Sag: Ich möchte in der zehnten Reihe sitzen	40539.wav
40540	Frag: 5 Tickets	40540.wav
40542	Sag: Ich möchte am Samstagabend gehen	40542.wav
40544	Frag: 4 Tickets	40544.wav
40546	Sag: Ich möchte morgen Abend gehen	40546.wav
40548	Frag: 2 Tickets für König der Löwen	40548.wav
40549	Frag: Tickets für das Naturhistorische Museum	40549.wav
40552	Frag: 2 Tickets für König der Löwen	40552.wav
40553	Sag: Ich möchte in der zehnten Reihe sitzen	40553.wav
40555	Frag: 3 Musical-Tickets	40555.wav
40556	Frag: 3 Tickets für Billy Elliot	40556.wav
40558	Frag: 4 Musical-Tickets	40558.wav
40559	Frag: 4 Tickets für Billy Elliot	40559.wav
40560	Sag: Ich möchte in der zehnten Reihe sitzen	40560.wav
40561	Frag: 2 Tickets	40561.wav
40564	Sag: Ich möchte vorne sitzen	40564.wav
40565	Frag: 3 Musical-Tickets	40565.wav
40566	Frag: 3 Tickets für Mamma Mia	40566.wav
40568	Frag: 2 Tickets	40568.wav
40569	Sag: Ich möchte heute Abend gehen	40569.wav
40570	Frag: 2 Tickets für Billy Elliot	40570.wav
40571	Sag: Ich möchte in der zweiten Reihe sitzen	40571.wav
40572	Sag: Ich heisse Sarah	40572.wav
40573	Sag: Ich bin aus Frankreich	40573.wav
40574	Sag: Ich habe 2 jüngere Brüder	40574.wav
40577	Frag: braune Stiefel	40577.wav
40579	Frag: ein grünes T-Shirt	40579.wav
40580	Frag: Wie viel kostet es?	40580.wav
40582	Sag: Ich möchte mit Kreditkarte bezahlen	40582.wav
40583	Frag: Gibt es eine Hotelbar?	40583.wav
40585	Frag: Einzelzimmer	40585.wav
40587	Frag: einen Tee	40587.wav
40589	Frag: etwas Knoblauchbrot	40589.wav
40591	Frag: Zimmer für 6 Nächte	40591.wav
40592	Frag: Zimmer für 6 Nächte	40592.wav
40593	Frag: Einzelzimmer	40593.wav
40599	Frag: Zimmer für 7 Nächte	40599.wav
40603	Sag: Ich möchte mit Visa bezahlen	40603.wav
40610	Frag: Twinzimmer	40610.wav
40612	Sag: Ich möchte mit Kreditkarte bezahlen	40612.wav
40619	Sag: Ich möchte mit Kreditkarte bezahlen	40619.wav
40621	Sag: Ich möchte mit Kreditkarte bezahlen	40621.wav
40624	Frag: ein Ticket nach London	40624.wav
40634	Sag: Ich möchte um 22 Uhr morgen abreisen	40634.wav
40638	Sag: Ich heisse Thomas	40638.wav
40641	Frag: Zimmer für 1 Woche	40641.wav
40643	Frag: Gibt es eine Hotelbar?	40643.wav
40644	Sag: Ich heisse Silvia	40644.wav
40646	Sag: Ich habe 4 ältere Schwestern	40646.wav
40649	Frag: Stiefel	40649.wav
40650	Frag: Stiefel	40650.wav
40651	Frag: rote Stiefel	40651.wav
40652	Frag: rote Stiefel	40652.wav
40656	Frag: eine L	40656.wav
40657	Frag: Wie viel kostet es?	40657.wav
40658	Frag: Zimmer für 4 Nächte	40658.wav
40659	Frag: Zimmer für 4 Nächte	40659.wav
40662	Sag: Ich möchte mit Euros bezahlen	40662.wav
40664	Frag: Gibt es einen Coiffeur?	40664.wav
40665	Frag: Wo ist der Coiffeur?	40665.wav
40666	Sag: Das WC ist dreckig	40666.wav
40667	Sag: Im Zimmer hat es kein Duschgel	40667.wav
40669	Frag: Junior Suite	40669.wav
40670	Sag: Ich möchte mit Kreditkarte bezahlen	40670.wav
40673	Frag: Suite	40673.wav
40674	Sag: Ich möchte mit Mastercard bezahlen	40674.wav
40675	Frag: Gibt es ein Hotelrestaurant?	40675.wav
40676	Frag: Wo ist das Hotelrestaurant?	40676.wav
40679	Frag: Wo ist der Haarföhn?	40679.wav
40682	Frag: Welcher Bus fährt dorthin?	40682.wav
40687	Frag: etwas Knoblauchbrot	40687.wav
40690	Frag: Ich möchte die Rechnung	40690.wav
40692	Sag: Ich möchte mit Kreditkarte bezahlen	40692.wav
40697	Sag: Ich möchte mit Kreditkarte bezahlen	40697.wav
40698	Frag: Gibt es einen Lift?	40698.wav
40699	Frag: Gibt es einen Lift?	40699.wav
40700	Frag: Zimmer für 4 Nächte	40700.wav
40703	Sag: Ich möchte mit Schweizer Franken bezahlen	40703.wav
40706	Frag: Suite	40706.wav
40707	Sag: Ich möchte mit Kreditkarte bezahlen	40707.wav
40710	Frag: Gibt es ein Schwimmbad?	40710.wav
40711	Frag: Wo ist das Schwimmbad?	40711.wav
40714	Sag: Im Zimmer hat es keinen Haarföhn	40714.wav
40718	Sag: Ich heisse Maddalena	40718.wav
40719	Frag: 5 Tickets nach London	40719.wav
40721	Sag: Ich heisse Nick	40721.wav
40726	Sag: Ich heisse Andy	40726.wav
40727	Sag: Ich bin aus Kanada	40727.wav
40728	Sag: Ich möchte am Donnerstagabend abreisen	40728.wav
40730	Frag: billiges Ticket	40730.wav
40731	Frag: billiges Ticket	40731.wav
40734	Sag: Ich heisse Nick	40734.wav
40736	Sag: Frankreich ist in Europa	40736.wav
40737	Sag: Die Hauptstadt von Frankreich ist Paris	40737.wav
40738	Sag: Ich habe 2 ältere Schwestern	40738.wav
40739	Sag: Ich gehe in die Ferien	40739.wav
40740	Sag: Dies ist mein Pass	40740.wav
40741	Frag: 1 Musical-Ticket	40741.wav
40742	Frag: ein Ticket für Billy Elliot	40742.wav
40744	Frag: Tickets für das Science Museum	40744.wav
40745	Frag: 4 Tickets	40745.wav
40746	Frag: Stiefel	40746.wav
40747	Frag: braune Stiefel	40747.wav
40748	Frag: ein T-Shirt	40748.wav
40749	Frag: ein rotes T-Shirt	40749.wav
40750	Frag: eine L	40750.wav
40752	Sag du möchtest nicht: dieses T-Shirt	40752.wav
40753	Frag: ein Ticket nach Westminster	40753.wav
40755	Sag: Ich möchte mit Dollars bezahlen	40755.wav
40756	Frag: Zimmer für 1 Woche	40756.wav
40758	Sag: Ich möchte mit Postkarte bezahlen	40758.wav
40759	Frag: Gibt es einen Coiffeur?	40759.wav
40760	Frag: Zimmer für 3 Nächte	40760.wav
40761	Sag: Ich möchte mit Postkarte bezahlen	40761.wav
40763	Sag: Ich möchte am Dienstag abreisen	40763.wav
40765	Sag: Ich bin aus Kanada	40765.wav
40766	Frag: 4 Tickets nach London	40766.wav
40767	Frag: 4 Tickets nach London	40767.wav
40768	Sag: Ich möchte um 13 Uhr morgen abreisen	40768.wav
40769	Sag: Ich heisse Michelle	40769.wav
40770	Sag: Ich bin aus Österreich	40770.wav
40772	Frag: Stiefel	40772.wav
40773	Frag: Stiefel	40773.wav
40776	Frag: Zimmer für 2 Nächte	40776.wav
40777	Frag: Twinzimmer	40777.wav
40778	Sag: Ich möchte mit Kreditkarte bezahlen	40778.wav
40779	Sag: Ich möchte mit Kreditkarte bezahlen	40779.wav
40780	Frag: Gibt es einen Lebensmittelladen?	40780.wav
40782	Frag: Zimmer für 3 Nächte	40782.wav
40783	Sag: Ich möchte mit Visa bezahlen	40783.wav
40784	Sag: Ich möchte mit Visa bezahlen	40784.wav
40785	Frag: Wo ist das Schwimmbad?	40785.wav
40786	Sag: Mein Zimmer ist dreckig	40786.wav
40788	Sag: Im Zimmer hat es kein Duschgel	40788.wav
40789	Frag: den Sonntagsbraten	40789.wav
40791	Frag: meinen Sonntagsbraten durchgebraten	40791.wav
40797	Frag: mein Steak durchgebraten	40797.wav
40799	Sag: Dies ist nicht was ich bestellt habe	40799.wav
40800	Sag: Ich habe keine Reservation	40800.wav
40803	Frag: braune Stiefel	40803.wav
40804	Frag: Stiefel	40804.wav
40806	Frag: Stiefel	40806.wav
40807	Frag: Grösse 42	40807.wav
40810	Sag: Ich möchte um 11 Uhr morgen abreisen	40810.wav
40812	Frag: Einzelzimmer	40812.wav
40815	Frag: Wo ist das Schwimmbad?	40815.wav
40816	Frag: den Sonntagsbraten	40816.wav
40818	Frag: einen gemischten Salat	40818.wav
40822	Frag: Zimmer für 5 Nächte	40822.wav
40823	Sag: Ich möchte mit Postkarte bezahlen	40823.wav
40824	Frag: Zimmer für 2 Nächte	40824.wav
40826	Frag: Gibt es ein Fitnessstudio?	40826.wav
40830	Frag: Gibt es einen Lebensmittelladen?	40830.wav
40831	Frag: Gibt es einen Lebensmittelladen?	40831.wav
40833	Frag: Gibt es einen Lebensmittelladen?	40833.wav
40834	Frag: Gibt es einen Lebensmittelladen?	40834.wav
40836	Frag: Gibt es ein Fitnessstudio?	40836.wav
40838	Frag: Zimmer für 3 Nächte	40838.wav
40839	Sag: Ich möchte mit Kreditkarte bezahlen	40839.wav
40841	Frag: Einzelzimmer	40841.wav
40842	Frag: Einzelzimmer	40842.wav
40845	Frag: Zimmer für 7 Nächte	40845.wav
40846	Frag: Twinzimmer	40846.wav
40847	Sag: Ich möchte mit Kreditkarte bezahlen	40847.wav
40849	Frag: Wo ist das Schwimmbad?	40849.wav
40857	Frag: ein Wasser mit Kohlensäure	40857.wav
40858	Frag: ein Steak	40858.wav
40861	Sag: Ich möchte mit Visa bezahlen	40861.wav
40862	Sag: Ich möchte mit Visa bezahlen	40862.wav
40863	Frag: ein Steak	40863.wav
40864	Frag: mein Steak blau	40864.wav
40865	Frag: Ich möchte die Dessertkarte	40865.wav
40866	Frag: Apfelkuchen	40866.wav
40867	Sag: Ich möchte mit Postkarte bezahlen	40867.wav
40869	Frag: mein Steak medium	40869.wav
40871	Frag: Himbeersorbet	40871.wav
40875	Frag: mein Steak rare	40875.wav
40877	Frag: Ich möchte die Rechnung	40877.wav
40878	Sag: Ich möchte mit Visa bezahlen	40878.wav
40879	Frag: den Sonntagsbraten	40879.wav
40885	Frag: ein Steak	40885.wav
40887	Sag: Ich möchte mit Mastercard bezahlen	40887.wav
40888	Frag: ein Steak	40888.wav
40890	Frag: Trifle	40890.wav
40892	Frag: einen Hamburger	40892.wav
40893	Frag: meinen Hamburger durchgebraten	40893.wav
40894	Frag: einen gemischten Salat	40894.wav
40897	Sag: Ich möchte mit Kreditkarte bezahlen	40897.wav
40899	Sag: Ich möchte um 18 Uhr morgen abreisen	40899.wav
40900	Sag: Ich bin aus England	40900.wav
40902	Sag: Ich heisse John	40902.wav
40903	Frag: 2 Tickets nach London	40903.wav
40904	Sag: Ich bin aus der Türkei	40904.wav
40905	Sag: Die Hauptstadt von der Türkei ist Ankara	40905.wav
40906	Sag: Ich habe 1 Schwester	40906.wav
40908	Frag: Stiefel	40908.wav
40909	Frag: ein Sweatshirt	40909.wav
40912	Sag: Dies ist zu teuer	40912.wav
40913	Frag: Stiefel	40913.wav
40914	Frag: ein Ticket zum Piccadilly Circus	40914.wav
40917	Frag: Welcher Bus fährt dorthin?	40917.wav
40918	Frag: Wo ist die Tate Modern?	40918.wav
40920	Frag: Welcher Bus fährt dorthin?	40920.wav
40922	Frag: Welcher Bus fährt dorthin?	40922.wav
40923	Sag: Saint Pauls Cathedral ist nahe der Bank of England	40923.wav
40924	Sag: Marble Arch ist gegenüber dem Hyde Park	40924.wav
40926	Frag: ein Ticket für Wicked	40926.wav
40927	Sag: Ich möchte in der Mitte sitzen	40927.wav
40928	Frag: Tickets für das Naturhistorische Museum	40928.wav
40929	Frag: 2 Tickets	40929.wav
40930	Frag: 2 Tickets	40930.wav
40931	Sag: Ich möchte heute Abend gehen	40931.wav
40932	Sag: Ich möchte in der siebten Reihe sitzen	40932.wav
40934	Frag: 3 Musical-Tickets	40934.wav
40939	Frag: Wo ist der Zoo?	40939.wav
40942	Frag: Welcher Bus fährt dorthin?	40942.wav
40943	Frag: Wo ist das Naturhistorische Museum?	40943.wav
40944	Frag: 4 Tickets nach London	40944.wav
40945	Sag: Ich möchte am Montagmorgen abreisen	40945.wav
40946	Sag: Ich bin aus Portugal	40946.wav
40949	Sag: Ich bin aus Australien	40949.wav
40952	Frag: ein T-Shirt	40952.wav
40954	Frag: Stiefel	40954.wav
40955	Frag: Grösse 42	40955.wav
40957	Frag: eine S	40957.wav
40958	Frag: Wie viel kostet die Hose?	40958.wav
40959	Sag: Dies ist zu teuer	40959.wav
40960	Frag: Zimmer für 7 Nächte	40960.wav
40961	Frag: Twinzimmer	40961.wav
40964	Frag: Zimmer für 1 Woche	40964.wav
40966	Frag: Wo ist das Fitnessstudio?	40966.wav
40967	Frag: Einzelzimmer	40967.wav
40969	Frag: Wo ist der Lebensmittelladen?	40969.wav
40971	Sag: Ich möchte um 17 Uhr morgen abreisen	40971.wav
40973	Frag: 2 Tickets nach London	40973.wav
40974	Sag: Ich möchte um 21 Uhr morgen abreisen	40974.wav
40975	Sag: Ich heisse James	40975.wav
40976	Frag: 2 Tickets nach London	40976.wav
40977	Sag: Ich heisse Paul	40977.wav
40978	Frag: Zimmer für 3 Nächte	40978.wav
40979	Frag: Suite	40979.wav
40981	Frag: Zimmer für 1 Woche	40981.wav
40982	Sag: Ich möchte mit Kreditkarte bezahlen	40982.wav
40984	Frag: Zimmer für 5 Nächte	40984.wav
40986	Frag: Wo ist der Lift?	40986.wav
40988	Sag: Ich möchte mit Kreditkarte bezahlen	40988.wav
40989	Frag: Gibt es ein Fitnessstudio?	40989.wav
40991	Sag: Ich bin aus Italien	40991.wav
40993	Frag: Einzelzimmer	40993.wav
40994	Frag: Gibt es eine Hotelbar?	40994.wav
40996	Sag: Ich möchte mit Postkarte bezahlen	40996.wav
40997	Frag: Gibt es einen Coiffeur?	40997.wav
40998	Frag: Wo ist der Coiffeur?	40998.wav
41001	Sag: Ich möchte mit Kreditkarte bezahlen	41001.wav
41003	Frag: Zimmer für 7 Nächte	41003.wav
41007	Sag: Ich möchte mit Kreditkarte bezahlen	41007.wav
41008	Frag: Gibt es einen Lift?	41008.wav
41009	Frag: Wo ist der Lift?	41009.wav
41010	Frag: Zimmer für 3 Nächte	41010.wav
41011	Sag: Ich möchte mit Postkarte bezahlen	41011.wav
41012	Frag: Gibt es einen Lebensmittelladen?	41012.wav
41013	Sag: Ich möchte um 16 Uhr morgen abreisen	41013.wav
41018	Frag: Zimmer für 3 Nächte	41018.wav
41019	Sag: Ich möchte mit Kreditkarte bezahlen	41019.wav
41024	Frag: Zimmer für 4 Nächte	41024.wav
41026	Frag: Zimmer für 4 Nächte	41026.wav
41027	Sag: Ich möchte mit Kreditkarte bezahlen	41027.wav
41028	Sag: Ich möchte mit Euros bezahlen	41028.wav
41030	Sag: Ich heisse John	41030.wav
41031	Frag: 3 Tickets nach London	41031.wav
41032	Sag: Ich heisse Silvia	41032.wav
41034	Sag: Ich möchte mit Dollars bezahlen	41034.wav
41035	Sag: Ich möchte mit Dollars bezahlen	41035.wav
41036	Frag: ein Ticket zum Piccadilly Circus	41036.wav
41039	Frag: Ich möchte die Dessertkarte	41039.wav
41043	Sag: Ich bin aus Italien	41043.wav
41045	Sag: Dies ist mein Pass	41045.wav
41046	Frag: mein Steak medium	41046.wav
41049	Frag: mein Steak medium	41049.wav
41052	Frag: Stiefel	41052.wav
41053	Frag: Jeans	41053.wav
41054	Frag: eine L	41054.wav
41055	Frag: Zimmer für 5 Nächte	41055.wav
41056	Frag: Gibt es ein Fitnessstudio?	41056.wav
41058	Frag: braune Stiefel	41058.wav
41060	Frag: eine L	41060.wav
41061	Frag: Wie viel kostet es?	41061.wav
41062	Frag: Wo ist Piccadilly Circus?	41062.wav
41064	Sag: Ich möchte mit Kreditkarte bezahlen	41064.wav
41065	Frag: ein Steak	41065.wav
41066	Frag: Ich möchte die Dessertkarte	41066.wav
41067	Frag: Ich möchte die Rechnung	41067.wav
41068	Frag: ein Wasser mit Kohlensäure	41068.wav
41069	Frag: mein Steak blau	41069.wav
41070	Frag: Custard Tart	41070.wav
41072	Sag: Ich möchte mit Schweizer Franken bezahlen	41072.wav
41073	Frag: Gibt es ein Hotelrestaurant?	41073.wav
41074	Frag: Zimmer für 6 Nächte	41074.wav
41076	Frag: Zimmer für 6 Nächte	41076.wav
41077	Frag: Gibt es ein Schwimmbad?	41077.wav
41078	Frag: ein Steak	41078.wav
41083	Sag: Ich heisse Stephanie	41083.wav
41085	Sag: Ich gehe in die Ferien	41085.wav
41087	Sag: Ich habe 2 Schwestern	41087.wav
41090	Frag: 2 Tickets für Billy Elliot	41090.wav
41092	Frag: 2 Musical-Tickets	41092.wav
41093	Sag: Ich möchte in der ersten Reihe sitzen	41093.wav
41094	Frag: 3 Tickets	41094.wav
41096	Sag: Dies ist mein Pass	41096.wav
41098	Sag: Dies ist mein Pass	41098.wav
41099	Frag: ein Ticket nach London	41099.wav
41100	Frag: ein Ticket nach London	41100.wav
41103	Frag: 2 Tickets für König der Löwen	41103.wav
41104	Frag: 3 Tickets	41104.wav
41105	Frag: Welcher Bus fährt dorthin?	41105.wav
41106	Frag: Stiefel	41106.wav
41107	Frag: ein T-Shirt	41107.wav
41109	Sag: Ich möchte am Sonntag abreisen	41109.wav
41110	Frag: 3 Musical-Tickets	41110.wav
41112	Sag: Mir geht es gut	41112.wav
41114	Frag: eine L	41114.wav
41116	Sag: Ich möchte um 12 Uhr morgen abreisen	41116.wav
41117	Sag: Ich bin aus Amerika	41117.wav
41118	Frag: Welcher Bus fährt dorthin?	41118.wav
41120	Frag: Stiefel	41120.wav
41121	Frag: ein Sweatshirt	41121.wav
41122	Frag: Wie viel kostet es?	41122.wav
41123	Sag: Dies ist zu teuer	41123.wav
41124	Frag: ein Ticket nach London	41124.wav
41125	Frag: ein Ticket nach London	41125.wav
41126	Sag: Ich heisse Paolo	41126.wav
41127	Sag: Ich möchte morgen abreisen	41127.wav
41128	Sag: Ich bin aus der Schweiz	41128.wav
41129	Sag: Ich heisse Michelle	41129.wav
41131	Sag: Ich bin aus Deutschland	41131.wav
41133	Frag: 2 Tickets für Freitagabend	41133.wav
41135	Frag: ein Ticket für Freitagabend	41135.wav
41136	Frag: 2 Tickets für König der Löwen	41136.wav
41137	Sag: Ich möchte vorne sitzen	41137.wav
41138	Frag: 2 Musical-Tickets	41138.wav
41139	Frag: 2 Tickets für König der Löwen	41139.wav
41140	Frag: 2 Tickets	41140.wav
41142	Sag: Ich möchte in der siebten Reihe sitzen	41142.wav
41148	Sag: Mir geht es gut	41148.wav
41149	Frag: Grösse 38	41149.wav
41154	Frag: Wie viel kostet das T-Shirt?	41154.wav
41155	Frag: Stiefel	41155.wav
41157	Frag: ein violettes T-Shirt	41157.wav
41159	Frag: ein T-Shirt	41159.wav
41160	Frag: ein grünes T-Shirt	41160.wav
41161	Frag: eine L	41161.wav
41162	Sag: Mir geht es gut	41162.wav
41163	Frag: Grösse 42	41163.wav
41164	Frag: eine L	41164.wav
41165	Sag: Dies ist zu teuer	41165.wav
41166	Frag: rote Stiefel	41166.wav
41169	Sag: Dies ist zu teuer	41169.wav
41171	Frag: ein grünes Hemd	41171.wav
41172	Sag: Dies ist zu teuer	41172.wav
41173	Frag: Wo ist die National Gallery?	41173.wav
41175	Frag: Wo ist der Zoo?	41175.wav
41177	Frag: Wo ist Piccadilly Circus?	41177.wav
41178	Sag: Saint Pauls Cathedral ist nahe der Bank of England	41178.wav
41179	Frag: Zimmer für 5 Nächte	41179.wav
41180	Frag: Einzelzimmer	41180.wav
41181	Sag: Ich möchte mit Kreditkarte bezahlen	41181.wav
41184	Frag: Gibt es einen Lebensmittelladen?	41184.wav
41185	Frag: Zimmer für 3 Nächte	41185.wav
41186	Frag: Einzelzimmer	41186.wav
41188	Sag: Ich möchte mit Kreditkarte bezahlen	41188.wav
41189	Frag: Zimmer für 3 Nächte	41189.wav
41190	Frag: Einzelzimmer	41190.wav
41191	Frag: Einzelzimmer	41191.wav
41192	Frag: Einzelzimmer	41192.wav
41194	Sag: Ich möchte mit Mastercard bezahlen	41194.wav
41195	Frag: Gibt es ein Fitnessstudio?	41195.wav
41197	Frag: Wo ist das Fitnessstudio?	41197.wav
41198	Frag: Zimmer für 3 Nächte	41198.wav
41201	Frag: Gibt es eine Hotelbar?	41201.wav
41203	Frag: Wo ist die Hotelbar?	41203.wav
41205	Frag: Zimmer für 4 Nächte	41205.wav
41206	Frag: Einzelzimmer	41206.wav
41208	Frag: Gibt es ein Fitnessstudio?	41208.wav
41210	Frag: Zimmer für 6 Nächte	41210.wav
41213	Frag: Doppelzimmer	41213.wav
41215	Sag: Ich möchte mit Mastercard bezahlen	41215.wav
41216	Frag: Gibt es einen Lift?	41216.wav
41217	Frag: Wo ist der Lift?	41217.wav
41218	Frag: Zimmer für 6 Nächte	41218.wav
41220	Sag: Ich möchte mit Postkarte bezahlen	41220.wav
41221	Frag: Gibt es einen Coiffeur?	41221.wav
41222	Frag: Gibt es einen Coiffeur?	41222.wav
41223	Frag: Zimmer für 7 Nächte	41223.wav
41226	Frag: Gibt es ein Hotelrestaurant?	41226.wav
41227	Frag: Wo ist das Hotelrestaurant?	41227.wav
41229	Frag: Zimmer für 7 Nächte	41229.wav
41231	Sag: Ich möchte mit Kreditkarte bezahlen	41231.wav
41232	Sag: Ich möchte mit Kreditkarte bezahlen	41232.wav
41233	Frag: Gibt es ein Schwimmbad?	41233.wav
41234	Frag: Wo ist das Schwimmbad?	41234.wav
41237	Frag: Zimmer für 4 Nächte	41237.wav
41238	Sag: Ich möchte mit Postkarte bezahlen	41238.wav
41240	Frag: Gibt es einen Lebensmittelladen?	41240.wav
41241	Frag: 2 Tickets nach London	41241.wav
41242	Sag: Ich möchte am Dienstag abreisen	41242.wav
41243	Sag: Ich heisse Mona	41243.wav
41244	Sag: Ich bin aus Italien	41244.wav
41245	Frag: 4 Tickets nach London	41245.wav
41247	Sag: Ich möchte am Mittwochmorgen abreisen	41247.wav
41248	Sag: Ich heisse John	41248.wav
41249	Sag: Ich heisse John	41249.wav
41251	Frag: Zimmer für 5 Nächte	41251.wav
41252	Frag: Einzelzimmer	41252.wav
41253	Sag: Ich möchte mit Kreditkarte bezahlen	41253.wav
41255	Frag: Zimmer für 2 Nächte	41255.wav
41256	Frag: Einzelzimmer	41256.wav
41257	Sag: Ich möchte mit Kreditkarte bezahlen	41257.wav
41258	Frag: Gibt es einen Lift?	41258.wav
41259	Frag: ein Ticket nach London	41259.wav
41260	Sag: Ich möchte um 13 Uhr morgen abreisen	41260.wav
41263	Sag: Ich bin aus Italien	41263.wav
41265	Frag: 2 Tickets nach London	41265.wav
41272	Sag: Ich möchte mit Kreditkarte bezahlen	41272.wav
41273	Frag: ein Ticket nach Westminster	41273.wav
41277	Frag: ein Ticket zum Trafalgar Square	41277.wav
41279	Frag: ein Ticket zum Green Park	41279.wav
41282	Frag: ein Ticket nach Notting Hill	41282.wav
41283	Sag: Ich möchte mit Postkarte bezahlen	41283.wav
41284	Frag: ein Ticket zum Piccadilly Circus	41284.wav
41287	Frag: ein Ticket zum Piccadilly Circus	41287.wav
41291	Sag: Ich möchte mit Kreditkarte bezahlen	41291.wav
41293	Sag: Ich möchte mit Euros bezahlen	41293.wav
41294	Frag: ein Ticket zum Green Park	41294.wav
41296	Sag: Ich möchte mit Dollars bezahlen	41296.wav
41297	Sag: Ich möchte mit Dollars bezahlen	41297.wav
41298	Sag: Ich heisse Janet	41298.wav
41299	Sag: Ich bin aus Italien	41299.wav
41302	Sag: Die Hauptstadt von Italien ist Rom	41302.wav
41308	Frag: Stiefel	41308.wav
41311	Frag: 2 Musical-Tickets	41311.wav
41312	Frag: 2 Tickets für Dienstagabend	41312.wav
41314	Frag: 2 Tickets für Billy Elliot	41314.wav
41318	Frag: ein Wasser ohne Kohlensäure	41318.wav
41320	Frag: ein Steak	41320.wav
41322	Frag: mein Steak rare	41322.wav
41323	Frag: mein Steak rare	41323.wav
41327	Frag: Ich möchte die Dessertkarte	41327.wav
41328	Frag: Ich möchte die Dessertkarte	41328.wav
41329	Sag: Ich möchte mit Kreditkarte bezahlen	41329.wav
41330	Frag: Gibt es einen Lift?	41330.wav
41331	Frag: Wo ist der Lift?	41331.wav
41334	Frag: Doppelzimmer	41334.wav
41337	Sag: Ich möchte mit Visa bezahlen	41337.wav
41338	Frag: Gibt es ein Hotelrestaurant?	41338.wav
